x,T,run,supply,rise
0.0,,2A,21.0,
0.01,27.415424311926603,2A,21.0,6.4154243119266035
0.02,26.930905963302752,2A,21.0,5.930905963302752
0.03,26.407970183486242,2A,21.0,5.407970183486242
0.04,26.031823394495415,2A,21.0,5.031823394495415
0.05,25.44294724770642,2A,21.0,4.442947247706421
0.06,24.957855504587155,2A,21.0,3.9578555045871546
0.07,24.548451834862384,2A,21.0,3.5484518348623837
0.08,24.032396788990827,2A,21.0,3.0323967889908268
0.09,23.691800458715594,2A,21.0,2.691800458715594
0.1,23.42173165137615,2A,21.0,2.421731651376149
0.11,23.230217889908257,2A,21.0,2.230217889908257
0.12,23.163704128440365,2A,21.0,2.163704128440365
0.13,23.17230504587156,2A,21.0,2.1723050458715605
0.14,23.20441513761468,2A,21.0,2.2044151376146814
0.15,23.232511467889907,2A,21.0,2.232511467889907
0.16,23.27551605504587,2A,21.0,2.2755160550458697
0.17,23.29329128440367,2A,21.0,2.2932912844036686
0.18,23.309919724770644,2A,21.0,2.3099197247706442
0.19,23.352924311926607,2A,21.0,2.352924311926607
0.2,23.372993119266056,2A,21.0,2.372993119266056
0.21,23.378727064220183,2A,21.0,2.3787270642201825
0.22,23.402236238532108,2A,21.0,2.402236238532108
0.23,23.40452981651376,2A,21.0,2.4045298165137616
0.24,23.40452981651376,2A,21.0,2.4045298165137616
0.25,23.418864678899084,2A,21.0,2.4188646788990837
0.26,23.42173165137615,2A,21.0,2.421731651376149
0.27,23.438933486238533,2A,21.0,2.4389334862385326
0.28,23.44294724770642,2A,21.0,2.442947247706421
0.29,23.456135321100916,2A,21.0,2.4561353211009163
0.3,23.46473623853211,2A,21.0,2.4647362385321117
0.31,23.46473623853211,2A,21.0,2.4647362385321117
0.32,23.473337155963304,2A,21.0,2.4733371559633035
0.33,23.473337155963304,2A,21.0,2.4733371559633035
0.34,23.473337155963304,2A,21.0,2.4733371559633035
0.35,23.473337155963304,2A,21.0,2.4733371559633035
0.36,23.473337155963304,2A,21.0,2.4733371559633035
0.37,23.473337155963304,2A,21.0,2.4733371559633035
0.38,23.473337155963304,2A,21.0,2.4733371559633035
0.39,23.481938073394495,2A,21.0,2.4819380733944953
0.4,23.490538990825687,2A,21.0,2.490538990825687
0.41,23.490538990825687,2A,21.0,2.490538990825687
0.42,23.492259174311926,2A,21.0,2.4922591743119256
0.43,23.507740825688074,2A,21.0,2.5077408256880744
0.44,23.507740825688074,2A,21.0,2.5077408256880744
0.45,23.507740825688074,2A,21.0,2.5077408256880744
0.46,23.507740825688074,2A,21.0,2.5077408256880744
0.47,23.52092889908257,2A,21.0,2.52092889908257
0.48,23.524942660550458,2A,21.0,2.524942660550458
0.49,23.524942660550458,2A,21.0,2.524942660550458
0.5,23.542144495412842,2A,21.0,2.542144495412842
0.51,23.550745412844037,2A,21.0,2.550745412844037
0.52,23.558199541284402,2A,21.0,2.5581995412844023
0.53,23.56163990825688,2A,21.0,2.561639908256879
0.54,23.576548165137616,2A,21.0,2.5765481651376163
0.55,23.582282110091743,2A,21.0,2.582282110091743
0.56,23.59375,2A,21.0,2.59375
0.57,23.610951834862384,2A,21.0,2.6109518348623837
0.58,23.610951834862384,2A,21.0,2.6109518348623837
0.59,23.61955275229358,2A,21.0,2.619552752293579
0.6,23.636754587155963,2A,21.0,2.636754587155963
0.61,23.645355504587158,2A,21.0,2.645355504587158
0.62,23.662557339449542,2A,21.0,2.662557339449542
0.63,23.669438073394495,2A,21.0,2.6694380733944953
0.64,23.679759174311926,2A,21.0,2.6797591743119256
0.65,23.68836009174312,2A,21.0,2.688360091743121
0.66,23.707282110091743,2A,21.0,2.707282110091743
0.67,23.72276376146789,2A,21.0,2.7227637614678883
0.68,23.731364678899084,2A,21.0,2.7313646788990837
0.69,23.738245412844037,2A,21.0,2.738245412844037
0.7,23.748566513761467,2A,21.0,2.7485665137614674
0.71,23.75659403669725,2A,21.0,2.7565940366972512
0.72,23.769208715596328,2A,21.0,2.769208715596328
0.73,23.78297018348624,2A,21.0,2.7829701834862384
0.74,23.795584862385322,2A,21.0,2.795584862385322
0.75,23.800172018348626,2A,21.0,2.8001720183486256
0.76,23.81737385321101,2A,21.0,2.8173738532110093
0.77,23.821961009174313,2A,21.0,2.821961009174313
0.78,23.834575688073393,2A,21.0,2.834575688073393
0.79,23.85177752293578,2A,21.0,2.8517775229357802
0.8,23.854644495412845,2A,21.0,2.8546444954128454
0.81,23.860378440366972,2A,21.0,2.860378440366972
0.82,23.868979357798164,2A,21.0,2.868979357798164
0.83,23.871272935779814,2A,21.0,2.871272935779814
0.84,23.88618119266055,2A,21.0,2.886181192660551
0.85,23.897649082568808,2A,21.0,2.897649082568808
0.86,23.903383027522935,2A,21.0,2.903383027522935
0.87,23.91198394495413,2A,21.0,2.9119839449541303
0.88,23.920584862385322,2A,21.0,2.920584862385322
0.89,23.920584862385322,2A,21.0,2.920584862385322
0.9,23.937786697247706,2A,21.0,2.937786697247706
0.91,23.937786697247706,2A,21.0,2.937786697247706
0.92,23.937786697247706,2A,21.0,2.937786697247706
0.93,23.937786697247706,2A,21.0,2.937786697247706
0.94,23.938360091743117,2A,21.0,2.9383600917431174
0.95,23.954988532110093,2A,21.0,2.954988532110093
0.96,23.963589449541285,2A,21.0,2.963589449541285
0.97,23.963589449541285,2A,21.0,2.963589449541285
0.98,23.963589449541285,2A,21.0,2.963589449541285
0.99,23.963589449541285,2A,21.0,2.963589449541285
1.0,23.963589449541285,2A,21.0,2.963589449541285
1.01,23.963589449541285,2A,21.0,2.963589449541285
1.02,23.963589449541285,2A,21.0,2.963589449541285
1.03,23.963589449541285,2A,21.0,2.963589449541285
1.04,23.963589449541285,2A,21.0,2.963589449541285
1.05,23.963589449541285,2A,21.0,2.963589449541285
1.06,23.963589449541285,2A,21.0,2.963589449541285
1.07,23.963589449541285,2A,21.0,2.963589449541285
1.08,23.963589449541285,2A,21.0,2.963589449541285
1.09,23.963589449541285,2A,21.0,2.963589449541285
1.1,23.963589449541285,2A,21.0,2.963589449541285
1.11,23.963589449541285,2A,21.0,2.963589449541285
1.12,23.95613532110092,2A,21.0,2.95613532110092
1.13,23.94524082568807,2A,21.0,2.945240825688071
1.14,23.937786697247706,2A,21.0,2.937786697247706
1.15,23.937786697247706,2A,21.0,2.937786697247706
1.16,23.937786697247706,2A,21.0,2.937786697247706
1.17,23.920584862385322,2A,21.0,2.920584862385322
1.18,23.920584862385322,2A,21.0,2.920584862385322
1.19,23.920584862385322,2A,21.0,2.920584862385322
1.2,23.91198394495413,2A,21.0,2.9119839449541303
1.21,23.903383027522935,2A,21.0,2.903383027522935
1.22,23.903383027522935,2A,21.0,2.903383027522935
1.23,23.88618119266055,2A,21.0,2.886181192660551
1.24,23.868979357798164,2A,21.0,2.868979357798164
1.25,23.868979357798164,2A,21.0,2.868979357798164
1.26,23.858658256880734,2A,21.0,2.8586582568807337
1.27,23.85177752293578,2A,21.0,2.8517775229357802
1.28,23.85177752293578,2A,21.0,2.8517775229357802
1.29,23.834575688073393,2A,21.0,2.834575688073393
1.3,23.81737385321101,2A,21.0,2.8173738532110093
1.31,23.81737385321101,2A,21.0,2.8173738532110093
1.32,23.813933486238533,2A,21.0,2.8139334862385326
1.33,23.800172018348626,2A,21.0,2.8001720183486256
1.34,23.78297018348624,2A,21.0,2.7829701834862384
1.35,23.76576834862385,2A,21.0,2.765768348623851
1.36,23.76576834862385,2A,21.0,2.765768348623851
1.37,23.756594036697244,2A,21.0,2.756594036697244
1.38,23.748566513761467,2A,21.0,2.7485665137614674
1.39,23.731364678899084,2A,21.0,2.7313646788990837
1.4,23.719896788990823,2A,21.0,2.719896788990823
1.41,23.696961009174313,2A,21.0,2.696961009174313
1.42,23.696961009174313,2A,21.0,2.696961009174313
1.43,23.687213302752294,2A,21.0,2.687213302752294
1.44,23.679759174311926,2A,21.0,2.6797591743119256
1.45,23.65682339449541,2A,21.0,2.6568233944954116
1.46,23.645355504587158,2A,21.0,2.645355504587158
1.47,23.62815366972477,2A,21.0,2.628153669724771
1.48,23.62012614678899,2A,21.0,2.6201261467889907
1.49,23.610951834862384,2A,21.0,2.6109518348623837
1.5,23.59375,2A,21.0,2.59375
1.51,23.576548165137616,2A,21.0,2.5765481651376163
1.52,23.55934633027523,2A,21.0,2.559346330275229
1.53,23.54386467889908,2A,21.0,2.54386467889908
1.54,23.540997706422015,2A,21.0,2.540997706422015
1.55,23.516341743119266,2A,21.0,2.5163417431192663
1.56,23.507740825688074,2A,21.0,2.5077408256880744
1.57,23.490538990825687,2A,21.0,2.490538990825687
1.58,23.473337155963304,2A,21.0,2.4733371559633035
1.59,23.46645642201835,2A,21.0,2.46645642201835
1.6,23.447534403669724,2A,21.0,2.4475344036697244
1.61,23.422878440366976,2A,21.0,2.4228784403669756
1.62,23.40452981651376,2A,21.0,2.4045298165137616
1.63,23.387327981651374,2A,21.0,2.3873279816513744
1.64,23.374713302752294,2A,21.0,2.374713302752294
1.65,23.37012614678899,2A,21.0,2.3701261467889907
1.66,23.34432339449541,2A,21.0,2.3443233944954116
1.67,23.33572247706422,2A,21.0,2.3357224770642198
1.68,23.318520642201836,2A,21.0,2.318520642201836
1.69,23.284116972477065,2A,21.0,2.284116972477065
1.7,23.278383027522935,2A,21.0,2.278383027522935
1.71,23.266915137614678,2A,21.0,2.266915137614678
1.72,23.24225917431193,2A,21.0,2.242259174311929
1.73,23.232511467889907,2A,21.0,2.232511467889907
1.74,23.223910550458715,2A,21.0,2.223910550458715
1.75,23.186639908256883,2A,21.0,2.1866399082568826
1.76,23.180905963302752,2A,21.0,2.1809059633027523
1.77,23.163704128440365,2A,21.0,2.163704128440365
1.78,23.142488532110093,2A,21.0,2.142488532110093
1.79,23.129300458715598,2A,21.0,2.1293004587155977
1.8,23.10349770642202,2A,21.0,2.1034977064220186
1.81,23.090309633027523,2A,21.0,2.0903096330275233
1.82,23.069094036697248,2A,21.0,2.0690940366972477
1.83,23.046731651376145,2A,21.0,2.0467316513761453
1.84,23.026089449541285,2A,21.0,2.026089449541285
1.85,23.008887614678898,2A,21.0,2.0088876146788976
1.86,22.99512614678899,2A,21.0,1.9951261467889907
1.87,22.97448394495413,2A,21.0,1.9744839449541303
1.88,22.957282110091743,2A,21.0,1.957282110091743
1.89,22.93663990825688,2A,21.0,1.936639908256879
1.9,22.922878440366972,2A,21.0,1.922878440366972
1.91,22.906823394495415,2A,21.0,1.9068233944954152
1.92,22.885034403669724,2A,21.0,1.8850344036697244
1.93,22.871272935779817,2A,21.0,1.8712729357798175
1.94,22.85407110091743,2A,21.0,1.8540711009174302
1.95,22.836869266055047,2A,21.0,1.8368692660550465
1.96,22.802465596330276,2A,21.0,1.8024655963302756
1.97,22.78927752293578,2A,21.0,1.7892775229357802
1.98,22.78526376146789,2A,21.0,1.7852637614678883
1.99,22.75086009174312,2A,21.0,1.750860091743121
2.0,22.733658256880734,2A,21.0,1.7336582568807337
2.01,22.725057339449542,2A,21.0,1.7250573394495419
2.02,22.701548165137613,2A,21.0,1.7015481651376128
2.03,22.689506880733944,2A,21.0,1.6895068807339442
2.04,22.68205275229358,2A,21.0,1.682052752293579
2.05,22.65338302752294,2A,21.0,1.6533830275229384
2.06,22.63044724770642,2A,21.0,1.630447247706421
2.07,22.613245412844037,2A,21.0,1.6132454128440372
2.08,22.605217889908257,2A,21.0,1.605217889908257
2.09,22.587442660550458,2A,21.0,1.5874426605504581
2.1,22.56163990825688,2A,21.0,1.561639908256879
2.11,22.544438073394495,2A,21.0,1.5444380733944953
2.12,22.52723623853211,2A,21.0,1.5272362385321117
2.13,22.5134747706422,2A,21.0,1.5134747706422012
2.14,22.508887614678898,2A,21.0,1.5088876146788976
2.15,22.492832568807337,2A,21.0,1.4928325688073372
2.16,22.475630733944953,2A,21.0,1.4756307339449535
2.17,22.45842889908257,2A,21.0,1.4584288990825698
2.18,22.441227064220183,2A,21.0,1.4412270642201825
2.19,22.43434633027523,2A,21.0,1.434346330275229
2.2,22.415424311926607,2A,21.0,1.415424311926607
2.21,22.40682339449541,2A,21.0,1.4068233944954116
2.22,22.38790137614679,2A,21.0,1.3879013761467895
2.23,22.372419724770644,2A,21.0,1.3724197247706442
2.24,22.359805045871557,2A,21.0,1.359805045871557
2.25,22.346616972477065,2A,21.0,1.3466169724770651
2.26,22.33801605504587,2A,21.0,1.3380160550458697
2.27,22.316227064220183,2A,21.0,1.3162270642201825
2.28,22.303612385321102,2A,21.0,1.3036123853211024
2.29,22.286410550458715,2A,21.0,1.286410550458715
2.3,22.274942660550458,2A,21.0,1.2749426605504581
2.31,22.26920871559633,2A,21.0,1.2692087155963314
2.32,22.252006880733944,2A,21.0,1.2520068807339442
2.33,22.23480504587156,2A,21.0,1.2348050458715605
2.34,22.226204128440365,2A,21.0,1.226204128440365
2.35,22.206135321100916,2A,21.0,1.2061353211009163
2.36,22.20040137614679,2A,21.0,1.2004013761467895
2.37,22.20040137614679,2A,21.0,1.2004013761467895
2.38,22.183199541284402,2A,21.0,1.1831995412844023
2.39,22.16599770642202,2A,21.0,1.1659977064220186
2.4,22.157396788990827,2A,21.0,1.1573967889908268
2.41,22.14420871559633,2A,21.0,1.1442087155963314
2.42,22.131594036697248,2A,21.0,1.1315940366972477
2.43,22.131594036697248,2A,21.0,1.1315940366972477
2.44,22.11439220183486,2A,21.0,1.1143922018348604
2.45,22.097190366972477,2A,21.0,1.0971903669724767
2.46,22.097190366972477,2A,21.0,1.0971903669724767
2.47,22.097190366972477,2A,21.0,1.0971903669724767
2.48,22.079988532110093,2A,21.0,1.079988532110093
2.49,22.062786697247706,2A,21.0,1.0627866972477058
2.5,22.062786697247706,2A,21.0,1.0627866972477058
2.51,22.046731651376152,2A,21.0,1.0467316513761524
2.52,22.045584862385322,2A,21.0,1.0455848623853221
2.53,22.045584862385322,2A,21.0,1.0455848623853221
2.54,22.028383027522935,2A,21.0,1.0283830275229349
2.55,22.028383027522935,2A,21.0,1.0283830275229349
2.56,22.028383027522935,2A,21.0,1.0283830275229349
2.57,22.01920871559633,2A,21.0,1.0192087155963314
2.58,22.01118119266055,2A,21.0,1.0111811926605512
2.59,22.01118119266055,2A,21.0,1.0111811926605512
2.6,21.99684633027523,2A,21.0,0.9968463302752291
2.61,21.993979357798164,2A,21.0,0.9939793577981639
2.62,21.993979357798164,2A,21.0,0.9939793577981639
2.63,21.993979357798164,2A,21.0,0.9939793577981639
2.64,21.993979357798164,2A,21.0,0.9939793577981639
2.65,21.993979357798164,2A,21.0,0.9939793577981639
2.66,21.97677752293578,2A,21.0,0.9767775229357802
2.67,21.97677752293578,2A,21.0,0.9767775229357802
2.68,21.97677752293578,2A,21.0,0.9767775229357802
2.69,21.97677752293578,2A,21.0,0.9767775229357802
2.7,21.97677752293578,2A,21.0,0.9767775229357802
2.71,21.97907110091743,2A,21.0,0.9790711009174302
2.72,21.985378440366972,2A,21.0,0.9853784403669721
2.73,21.97849770642202,2A,21.0,0.9784977064220186
2.74,21.985951834862387,2A,21.0,0.9859518348623872
2.75,21.993979357798164,2A,21.0,0.9939793577981639
2.76,21.993979357798164,2A,21.0,0.9939793577981639
2.77,21.993979357798164,2A,21.0,0.9939793577981639
2.78,21.993979357798164,2A,21.0,0.9939793577981639
2.79,21.993979357798164,2A,21.0,0.9939793577981639
2.8,22.002580275229356,2A,21.0,1.0025802752293558
2.81,22.01060779816514,2A,21.0,1.0106077981651396
2.82,22.01290137614679,2A,21.0,1.0129013761467895
2.83,22.01118119266055,2A,21.0,1.0111811926605512
2.84,22.028383027522935,2A,21.0,1.0283830275229349
2.85,22.028383027522935,2A,21.0,1.0283830275229349
2.86,22.045584862385322,2A,21.0,1.0455848623853221
2.87,22.045584862385322,2A,21.0,1.0455848623853221
2.88,22.054185779816514,2A,21.0,1.054185779816514
2.89,22.062786697247706,2A,21.0,1.0627866972477058
2.9,22.062786697247706,2A,21.0,1.0627866972477058
2.91,22.079988532110093,2A,21.0,1.079988532110093
2.92,22.087442660550458,2A,21.0,1.0874426605504581
2.93,22.097190366972477,2A,21.0,1.0971903669724767
2.94,22.097190366972477,2A,21.0,1.0971903669724767
2.95,22.11439220183486,2A,21.0,1.1143922018348604
2.96,22.122993119266056,2A,21.0,1.1229931192660558
2.97,22.131594036697248,2A,21.0,1.1315940366972477
2.98,22.139621559633028,2A,21.0,1.139621559633028
2.99,22.148795871559635,2A,21.0,1.148795871559635
3.0,22.16599770642202,2A,21.0,1.1659977064220186
3.01,22.16599770642202,2A,21.0,1.1659977064220186
3.02,22.183199541284402,2A,21.0,1.1831995412844023
3.03,22.196961009174313,2A,21.0,1.1969610091743128
3.04,22.20040137614679,2A,21.0,1.2004013761467895
3.05,22.20900229357798,2A,21.0,1.2090022935779814
3.06,22.227924311926603,2A,21.0,1.2279243119266035
3.07,22.23480504587156,2A,21.0,1.2348050458715605
3.08,22.252006880733944,2A,21.0,1.2520068807339442
3.09,22.258887614678898,2A,21.0,1.2588876146788976
3.1,22.26920871559633,2A,21.0,1.2692087155963314
3.11,22.286410550458715,2A,21.0,1.286410550458715
3.12,22.303612385321102,2A,21.0,1.3036123853211024
3.13,22.320814220183486,2A,21.0,1.320814220183486
3.14,22.33342889908257,2A,21.0,1.3334288990825698
3.15,22.33801605504587,2A,21.0,1.3380160550458697
3.16,22.355217889908257,2A,21.0,1.355217889908257
3.17,22.372419724770644,2A,21.0,1.3724197247706442
3.18,22.389621559633028,2A,21.0,1.389621559633028
3.19,22.40682339449541,2A,21.0,1.4068233944954116
3.2,22.418291284403672,2A,21.0,1.4182912844036721
3.21,22.4240252293578,2A,21.0,1.4240252293577988
3.22,22.441227064220183,2A,21.0,1.4412270642201825
3.23,22.459575688073397,2A,21.0,1.4595756880733965
3.24,22.475630733944953,2A,21.0,1.4756307339449535
3.25,22.489965596330276,2A,21.0,1.4899655963302756
3.26,22.510034403669724,2A,21.0,1.5100344036697244
3.27,22.518635321100916,2A,21.0,1.5186353211009163
3.28,22.53526376146789,2A,21.0,1.5352637614678883
3.29,22.544438073394495,2A,21.0,1.5444380733944953
3.3,22.578841743119263,2A,21.0,1.5788417431192627
3.31,22.58342889908257,2A,21.0,1.5834288990825698
3.32,22.613245412844037,2A,21.0,1.6132454128440372
3.33,22.62012614678899,2A,21.0,1.6201261467889907
3.34,22.631594036697248,2A,21.0,1.6315940366972477
3.35,22.65625,2A,21.0,1.65625
3.36,22.675172018348626,2A,21.0,1.6751720183486256
3.37,22.68205275229358,2A,21.0,1.682052752293579
3.38,22.716456422018346,2A,21.0,1.7164564220183465
3.39,22.725057339449542,2A,21.0,1.7250573394495419
3.4,22.742259174311926,2A,21.0,1.7422591743119256
3.41,22.766915137614678,2A,21.0,1.7669151376146779
3.42,22.77150229357798,2A,21.0,1.7715022935779814
3.43,22.793864678899084,2A,21.0,1.7938646788990837
3.44,22.81508027522936,2A,21.0,1.8150802752293593
3.45,22.82826834862385,2A,21.0,1.8282683486238511
3.46,22.85407110091743,2A,21.0,1.8540711009174302
3.47,22.86725917431193,2A,21.0,1.8672591743119291
3.48,22.8884747706422,2A,21.0,1.8884747706422012
3.49,22.90567660550459,2A,21.0,1.9056766055045884
3.5,22.925745412844034,2A,21.0,1.9257454128440337
3.51,22.940080275229356,2A,21.0,1.9400802752293558
3.52,22.964736238532108,2A,21.0,1.964736238532108
3.53,22.97677752293578,2A,21.0,1.9767775229357802
3.54,22.991685779816514,2A,21.0,1.991685779816514
3.55,23.020355504587155,2A,21.0,2.0203555045871546
3.56,23.026089449541285,2A,21.0,2.026089449541285
3.57,23.05189220183486,2A,21.0,2.0518922018348604
3.58,23.068520642201836,2A,21.0,2.068520642201836
3.59,23.094896788990827,2A,21.0,2.0948967889908268
3.6,23.10349770642202,2A,21.0,2.1034977064220186
3.61,23.122993119266052,2A,21.0,2.1229931192660523
3.62,23.14650229357798,2A,21.0,2.1465022935779814
3.63,23.16026376146789,2A,21.0,2.1602637614678883
3.64,23.172878440366972,2A,21.0,2.172878440366972
3.65,23.19810779816514,2A,21.0,2.1981077981651396
3.66,23.213589449541285,2A,21.0,2.213589449541285
3.67,23.232511467889907,2A,21.0,2.232511467889907
3.68,23.249713302752294,2A,21.0,2.249713302752294
3.69,23.266915137614678,2A,21.0,2.266915137614678
3.7,23.27551605504587,2A,21.0,2.2755160550458697
3.71,23.300745412844037,2A,21.0,2.300745412844037
3.72,23.320240825688074,2A,21.0,2.3202408256880744
3.73,23.33572247706422,2A,21.0,2.3357224770642198
3.74,23.348337155963304,2A,21.0,2.3483371559633035
3.75,23.37012614678899,2A,21.0,2.3701261467889907
3.76,23.378727064220183,2A,21.0,2.3787270642201825
3.77,23.39650229357798,2A,21.0,2.3965022935779814
3.78,23.40452981651376,2A,21.0,2.4045298165137616
3.79,23.438933486238533,2A,21.0,2.4389334862385326
3.8,23.45040137614679,2A,21.0,2.4504013761467895
3.81,23.46473623853211,2A,21.0,2.4647362385321117
3.82,23.473337155963304,2A,21.0,2.4733371559633035
3.83,23.491685779816514,2A,21.0,2.491685779816514
3.84,23.507740825688074,2A,21.0,2.5077408256880744
3.85,23.51920871559633,2A,21.0,2.5192087155963314
3.86,23.524942660550458,2A,21.0,2.524942660550458
3.87,23.550745412844037,2A,21.0,2.550745412844037
3.88,23.56737385321101,2A,21.0,2.5673738532110093
3.89,23.576548165137616,2A,21.0,2.5765481651376163
3.9,23.59375,2A,21.0,2.59375
3.91,23.610951834862384,2A,21.0,2.6109518348623837
3.92,23.61955275229358,2A,21.0,2.619552752293579
3.93,23.62815366972477,2A,21.0,2.628153669724771
3.94,23.645355504587158,2A,21.0,2.645355504587158
3.95,23.662557339449542,2A,21.0,2.662557339449542
3.96,23.672878440366972,2A,21.0,2.672878440366972
3.97,23.679759174311926,2A,21.0,2.6797591743119256
3.98,23.696961009174313,2A,21.0,2.696961009174313
3.99,23.70900229357798,2A,21.0,2.7090022935779814
4.0,23.72276376146789,2A,21.0,2.7227637614678883
4.01,23.73079128440367,2A,21.0,2.7307912844036686
4.02,23.748566513761467,2A,21.0,2.7485665137614674
4.03,23.748566513761467,2A,21.0,2.7485665137614674
4.04,23.76576834862385,2A,21.0,2.765768348623851
4.05,23.774369266055047,2A,21.0,2.7743692660550465
4.06,23.78297018348624,2A,21.0,2.7829701834862384
4.07,23.796158256880737,2A,21.0,2.7961582568807373
4.08,23.800172018348626,2A,21.0,2.8001720183486256
4.09,23.81737385321101,2A,21.0,2.8173738532110093
4.1,23.8259747706422,2A,21.0,2.825974770642201
4.11,23.834575688073393,2A,21.0,2.834575688073393
4.12,23.849483944954127,2A,21.0,2.8494839449541267
4.13,23.85177752293578,2A,21.0,2.8517775229357802
4.14,23.860378440366972,2A,21.0,2.860378440366972
4.15,23.868979357798164,2A,21.0,2.868979357798164
4.16,23.877580275229356,2A,21.0,2.8775802752293558
4.17,23.88618119266055,2A,21.0,2.886181192660551
4.18,23.894208715596328,2A,21.0,2.894208715596328
4.19,23.903383027522935,2A,21.0,2.903383027522935
4.2,23.91198394495413,2A,21.0,2.9119839449541303
4.21,23.91427752293578,2A,21.0,2.9142775229357802
4.22,23.920584862385322,2A,21.0,2.920584862385322
4.23,23.920584862385322,2A,21.0,2.920584862385322
4.24,23.921731651376152,2A,21.0,2.9217316513761524
4.25,23.937786697247706,2A,21.0,2.937786697247706
4.26,23.937786697247706,2A,21.0,2.937786697247706
4.27,23.946387614678898,2A,21.0,2.9463876146788976
4.28,23.954988532110093,2A,21.0,2.954988532110093
4.29,23.963589449541285,2A,21.0,2.963589449541285
4.3,23.963589449541285,2A,21.0,2.963589449541285
4.31,23.963589449541285,2A,21.0,2.963589449541285
4.32,23.963589449541285,2A,21.0,2.963589449541285
4.33,23.963589449541285,2A,21.0,2.963589449541285
4.34,23.963589449541285,2A,21.0,2.963589449541285
4.35,23.963589449541285,2A,21.0,2.963589449541285
4.36,23.963589449541285,2A,21.0,2.963589449541285
4.37,23.963589449541285,2A,21.0,2.963589449541285
4.38,23.963589449541285,2A,21.0,2.963589449541285
4.39,23.963589449541285,2A,21.0,2.963589449541285
4.4,23.963589449541285,2A,21.0,2.963589449541285
4.41,23.963589449541285,2A,21.0,2.963589449541285
4.42,23.963589449541285,2A,21.0,2.963589449541285
4.43,23.963589449541285,2A,21.0,2.963589449541285
4.44,23.963589449541285,2A,21.0,2.963589449541285
4.45,23.957855504587158,2A,21.0,2.957855504587158
4.46,23.946387614678898,2A,21.0,2.9463876146788976
4.47,23.937786697247706,2A,21.0,2.937786697247706
4.48,23.937786697247706,2A,21.0,2.937786697247706
4.49,23.937786697247706,2A,21.0,2.937786697247706
4.5,23.920584862385322,2A,21.0,2.920584862385322
4.51,23.920584862385322,2A,21.0,2.920584862385322
4.52,23.920584862385322,2A,21.0,2.920584862385322
4.53,23.90682339449541,2A,21.0,2.9068233944954116
4.54,23.90223623853211,2A,21.0,2.9022362385321117
4.55,23.88618119266055,2A,21.0,2.886181192660551
4.56,23.88618119266055,2A,21.0,2.886181192660551
4.57,23.868979357798164,2A,21.0,2.868979357798164
4.58,23.868979357798164,2A,21.0,2.868979357798164
4.59,23.86209862385321,2A,21.0,2.8620986238532105
4.6,23.860378440366972,2A,21.0,2.860378440366972
4.61,23.85177752293578,2A,21.0,2.8517775229357802
4.62,23.834575688073393,2A,21.0,2.834575688073393
4.63,23.81737385321101,2A,21.0,2.8173738532110093
4.64,23.804759174311926,2A,21.0,2.8047591743119256
4.65,23.800172018348626,2A,21.0,2.8001720183486256
4.66,23.79157110091743,2A,21.0,2.79157110091743
4.67,23.78297018348624,2A,21.0,2.7829701834862384
4.68,23.76576834862385,2A,21.0,2.765768348623851
4.69,23.748566513761467,2A,21.0,2.7485665137614674
4.7,23.742832568807337,2A,21.0,2.742832568807337
4.71,23.731364678899084,2A,21.0,2.7313646788990837
4.72,23.723910550458715,2A,21.0,2.723910550458715
4.73,23.721616972477058,2A,21.0,2.721616972477058
4.74,23.696961009174313,2A,21.0,2.696961009174313
4.75,23.685493119266056,2A,21.0,2.685493119266056
4.76,23.679759174311926,2A,21.0,2.6797591743119256
4.77,23.662557339449542,2A,21.0,2.662557339449542
4.78,23.645355504587158,2A,21.0,2.645355504587158
4.79,23.645355504587158,2A,21.0,2.645355504587158
4.8,23.628153669724774,2A,21.0,2.6281536697247745
4.81,23.62356651376147,2A,21.0,2.623566513761471
4.82,23.610951834862384,2A,21.0,2.6109518348623837
4.83,23.59375,2A,21.0,2.59375
4.84,23.59375,2A,21.0,2.59375
4.85,23.576548165137616,2A,21.0,2.5765481651376163
4.86,23.56622706422018,2A,21.0,2.566227064220179
4.87,23.55934633027523,2A,21.0,2.559346330275229
4.88,23.55934633027523,2A,21.0,2.559346330275229
4.89,23.542144495412842,2A,21.0,2.542144495412842
4.9,23.542144495412842,2A,21.0,2.542144495412842
4.91,23.534116972477065,2A,21.0,2.534116972477065
4.92,23.524942660550458,2A,21.0,2.524942660550458
4.93,23.524942660550458,2A,21.0,2.524942660550458
4.94,23.507740825688074,2A,21.0,2.5077408256880744
4.95,23.507740825688074,2A,21.0,2.5077408256880744
4.96,23.507740825688074,2A,21.0,2.5077408256880744
4.97,23.498566513761467,2A,21.0,2.4985665137614674
4.98,23.490538990825687,2A,21.0,2.490538990825687
4.99,23.490538990825687,2A,21.0,2.490538990825687
5.0,23.490538990825687,2A,21.0,2.490538990825687
5.01,23.473337155963304,2A,21.0,2.4733371559633035
5.02,23.473337155963304,2A,21.0,2.4733371559633035
5.03,23.473337155963304,2A,21.0,2.4733371559633035
5.04,23.473337155963304,2A,21.0,2.4733371559633035
5.05,23.473337155963304,2A,21.0,2.4733371559633035
5.06,23.473337155963304,2A,21.0,2.4733371559633035
5.07,23.473337155963304,2A,21.0,2.4733371559633035
5.08,23.469323394495415,2A,21.0,2.469323394495415
5.09,23.46473623853211,2A,21.0,2.4647362385321117
5.1,23.46473623853211,2A,21.0,2.4647362385321117
5.11,23.46244266055046,2A,21.0,2.4624426605504617
5.12,23.438933486238533,2A,21.0,2.4389334862385326
5.13,23.438933486238533,2A,21.0,2.4389334862385326
5.14,23.43778669724771,2A,21.0,2.4377866972477094
5.15,23.42173165137615,2A,21.0,2.421731651376149
5.16,23.40452981651376,2A,21.0,2.4045298165137616
5.17,23.40452981651376,2A,21.0,2.4045298165137616
5.18,23.387327981651374,2A,21.0,2.3873279816513744
5.19,23.380447247706417,2A,21.0,2.3804472477064174
5.2,23.37012614678899,2A,21.0,2.3701261467889907
5.21,23.336869266055043,2A,21.0,2.336869266055043
5.22,23.308199541284406,2A,21.0,2.308199541284406
5.23,23.284116972477065,2A,21.0,2.284116972477065
5.24,23.254300458715598,2A,21.0,2.2543004587155977
5.25,23.232511467889907,2A,21.0,2.232511467889907
5.26,23.19810779816514,2A,21.0,2.1981077981651396
5.27,23.17173165137615,2A,21.0,2.171731651376149
5.28,23.14650229357798,2A,21.0,2.1465022935779814
5.29,23.10349770642202,2A,21.0,2.1034977064220186
5.3,23.071961009174313,2A,21.0,2.071961009174313
5.31,23.034690366972477,2A,21.0,2.0346903669724767
5.32,22.977924311926603,2A,21.0,1.9779243119266035
5.33,22.944094036697255,2A,21.0,1.9440940366972548
5.34,22.87987385321101,2A,21.0,1.8798738532110093
5.35,22.828268348623855,2A,21.0,1.8282683486238547
5.36,22.78526376146789,2A,21.0,1.7852637614678883
5.37,22.725057339449542,2A,21.0,1.7250573394495419
5.38,22.674598623853214,2A,21.0,1.674598623853214
5.39,22.62184633027523,2A,21.0,1.621846330275229
5.4,22.596043577981654,2A,21.0,1.5960435779816535
0.0,,2B,21.0,
0.01,26.9623623853211,2B,21.0,5.9623623853211
0.02,26.438646788990827,2B,21.0,5.438646788990827
0.03,25.826788990825687,2B,21.0,4.826788990825687
0.04,25.408983180428134,2B,21.0,4.408983180428134
0.05,24.87327981651376,2B,21.0,3.8732798165137616
0.06,24.26672018348624,2B,21.0,3.266720183486239
0.07,23.843188073394494,2B,21.0,2.8431880733944936
0.08,23.356077981651374,2B,21.0,2.3560779816513744
0.09,22.8652752293578,2B,21.0,1.865275229357799
0.1,22.589181957186543,2B,21.0,1.5891819571865433
0.11,22.360665137614678,2B,21.0,1.3606651376146779
0.12,22.195298165137615,2B,21.0,1.1952981651376149
0.13,22.15205657492355,2B,21.0,1.1520565749235487
0.14,22.095756880733944,2B,21.0,1.0957568807339442
0.15,22.034747706422017,2B,21.0,1.0347477064220172
0.16,21.992148318042815,2B,21.0,0.9921483180428154
0.17,21.935206422018346,2B,21.0,0.9352064220183465
0.18,21.874839449541284,2B,21.0,0.8748394495412839
0.19,21.833899082568806,2B,21.0,0.8338990825688057
0.2,21.782683486238533,2B,21.0,0.7826834862385326
0.21,21.737889908256882,2B,21.0,0.7378899082568822
0.22,21.697912844036697,2B,21.0,0.6979128440366971
0.23,21.654243119266056,2B,21.0,0.6542431192660558
0.24,21.60993119266055,2B,21.0,0.6099311926605502
0.25,21.572629969418962,2B,21.0,0.572629969418962
0.26,21.52580275229358,2B,21.0,0.5258027522935791
0.27,21.481972477064218,2B,21.0,0.4819724770642182
0.28,21.450022935779817,2B,21.0,0.4500229357798169
0.29,21.40538990825688,2B,21.0,0.40538990825687904
0.3,21.371674311926604,2B,21.0,0.37167431192660416
0.31,21.34716360856269,2B,21.0,0.34716360856268835
0.32,21.317087155963304,2B,21.0,0.3170871559633035
0.33,21.288509174311926,2B,21.0,0.28850917431192613
0.34,21.267209480122325,2B,21.0,0.26720948012232526
0.35,21.236811926605505,2B,21.0,0.23681192660550465
0.36,21.22461009174312,2B,21.0,0.22461009174311997
0.37,21.203310397553516,2B,21.0,0.20331039755351554
0.38,21.180619266055047,2B,21.0,0.18061926605504652
0.39,21.156536697247706,2B,21.0,0.1565366972477058
0.4,21.140481651376145,2B,21.0,0.14048165137614532
0.41,21.12442660550459,2B,21.0,0.1244266055045884
0.42,21.110619266055046,2B,21.0,0.11061926605504624
0.43,21.10762232415902,2B,21.0,0.10762232415902062
0.44,21.092316513761467,2B,21.0,0.09231651376146743
0.45,21.076261467889907,2B,21.0,0.07626146788990695
0.46,21.076261467889907,2B,21.0,0.07626146788990695
0.47,21.060206422018346,2B,21.0,0.06020642201834647
0.48,21.049288990825687,2B,21.0,0.04928899082568705
0.49,21.04415137614679,2B,21.0,0.044151376146789545
0.5,21.04415137614679,2B,21.0,0.044151376146789545
0.51,21.02809633027523,2B,21.0,0.028096330275229064
0.52,21.02809633027523,2B,21.0,0.028096330275229064
0.53,21.02809633027523,2B,21.0,0.028096330275229064
0.54,21.02038990825688,2B,21.0,0.02038990825688103
0.55,21.02408256880734,2B,21.0,0.02408256880734072
0.56,21.01605504587156,2B,21.0,0.01605504587156048
0.57,21.01605504587156,2B,21.0,0.01605504587156048
0.58,21.01605504587156,2B,21.0,0.01605504587156048
0.59,21.00802752293578,2B,21.0,0.00802752293578024
0.6,21.01284403669725,2B,21.0,0.012844036697249095
0.61,21.00802752293578,2B,21.0,0.00802752293578024
0.62,21.00802752293578,2B,21.0,0.00802752293578024
0.63,21.00802752293578,2B,21.0,0.00802752293578024
0.64,21.00802752293578,2B,21.0,0.00802752293578024
0.65,21.00802752293578,2B,21.0,0.00802752293578024
0.66,21.00802752293578,2B,21.0,0.00802752293578024
0.67,21.00802752293578,2B,21.0,0.00802752293578024
0.68,21.00802752293578,2B,21.0,0.00802752293578024
0.69,21.00802752293578,2B,21.0,0.00802752293578024
0.7,21.00802752293578,2B,21.0,0.00802752293578024
0.71,21.00802752293578,2B,21.0,0.00802752293578024
0.72,21.00802752293578,2B,21.0,0.00802752293578024
0.73,21.00802752293578,2B,21.0,0.00802752293578024
0.74,21.00802752293578,2B,21.0,0.00802752293578024
0.75,21.00802752293578,2B,21.0,0.00802752293578024
0.76,21.00802752293578,2B,21.0,0.00802752293578024
0.77,21.00802752293578,2B,21.0,0.00802752293578024
0.78,21.00802752293578,2B,21.0,0.00802752293578024
0.79,21.00802752293578,2B,21.0,0.00802752293578024
0.8,21.01605504587156,2B,21.0,0.01605504587156048
0.81,21.00802752293578,2B,21.0,0.00802752293578024
0.82,21.00802752293578,2B,21.0,0.00802752293578024
0.83,21.00802752293578,2B,21.0,0.00802752293578024
0.84,21.00802752293578,2B,21.0,0.00802752293578024
0.85,21.00802752293578,2B,21.0,0.00802752293578024
0.86,21.00802752293578,2B,21.0,0.00802752293578024
0.87,21.00802752293578,2B,21.0,0.00802752293578024
0.88,21.00802752293578,2B,21.0,0.00802752293578024
0.89,21.00802752293578,2B,21.0,0.00802752293578024
0.9,21.00802752293578,2B,21.0,0.00802752293578024
0.91,21.00802752293578,2B,21.0,0.00802752293578024
0.92,21.00802752293578,2B,21.0,0.00802752293578024
0.93,21.00802752293578,2B,21.0,0.00802752293578024
0.94,21.00802752293578,2B,21.0,0.00802752293578024
0.95,21.00802752293578,2B,21.0,0.00802752293578024
0.96,21.00802752293578,2B,21.0,0.00802752293578024
0.97,21.00802752293578,2B,21.0,0.00802752293578024
0.98,21.01204128440367,2B,21.0,0.012041284403668584
0.99,21.01204128440367,2B,21.0,0.012041284403668584
1.0,21.01204128440367,2B,21.0,0.012041284403668584
1.01,21.01204128440367,2B,21.0,0.012041284403668584
1.02,21.01204128440367,2B,21.0,0.012041284403668584
1.03,21.01204128440367,2B,21.0,0.012041284403668584
1.04,21.01204128440367,2B,21.0,0.012041284403668584
1.05,21.01204128440367,2B,21.0,0.012041284403668584
1.06,21.01204128440367,2B,21.0,0.012041284403668584
1.07,21.01204128440367,2B,21.0,0.012041284403668584
1.08,21.01204128440367,2B,21.0,0.012041284403668584
1.09,21.01204128440367,2B,21.0,0.012041284403668584
1.1,21.01204128440367,2B,21.0,0.012041284403668584
1.11,21.01204128440367,2B,21.0,0.012041284403668584
1.12,21.01204128440367,2B,21.0,0.012041284403668584
1.13,21.01204128440367,2B,21.0,0.012041284403668584
1.14,21.01204128440367,2B,21.0,0.012041284403668584
1.15,21.01204128440367,2B,21.0,0.012041284403668584
1.16,21.01204128440367,2B,21.0,0.012041284403668584
1.17,21.01204128440367,2B,21.0,0.012041284403668584
1.18,21.01204128440367,2B,21.0,0.012041284403668584
1.19,21.01204128440367,2B,21.0,0.012041284403668584
1.2,21.01204128440367,2B,21.0,0.012041284403668584
1.21,21.01204128440367,2B,21.0,0.012041284403668584
1.22,21.01204128440367,2B,21.0,0.012041284403668584
1.23,21.01204128440367,2B,21.0,0.012041284403668584
1.24,21.01204128440367,2B,21.0,0.012041284403668584
1.25,21.01204128440367,2B,21.0,0.012041284403668584
1.26,21.01204128440367,2B,21.0,0.012041284403668584
1.27,21.01204128440367,2B,21.0,0.012041284403668584
1.28,21.01204128440367,2B,21.0,0.012041284403668584
1.29,21.01204128440367,2B,21.0,0.012041284403668584
1.3,21.01204128440367,2B,21.0,0.012041284403668584
1.31,21.01204128440367,2B,21.0,0.012041284403668584
1.32,21.01204128440367,2B,21.0,0.012041284403668584
1.33,21.01204128440367,2B,21.0,0.012041284403668584
1.34,21.01204128440367,2B,21.0,0.012041284403668584
1.35,21.01204128440367,2B,21.0,0.012041284403668584
1.36,21.01204128440367,2B,21.0,0.012041284403668584
1.37,21.01204128440367,2B,21.0,0.012041284403668584
1.38,21.01204128440367,2B,21.0,0.012041284403668584
1.39,21.01204128440367,2B,21.0,0.012041284403668584
1.4,21.01204128440367,2B,21.0,0.012041284403668584
1.41,21.01204128440367,2B,21.0,0.012041284403668584
1.42,21.01204128440367,2B,21.0,0.012041284403668584
1.43,21.01204128440367,2B,21.0,0.012041284403668584
1.44,21.01204128440367,2B,21.0,0.012041284403668584
1.45,21.01204128440367,2B,21.0,0.012041284403668584
1.46,21.01204128440367,2B,21.0,0.012041284403668584
1.47,21.01204128440367,2B,21.0,0.012041284403668584
1.48,21.01204128440367,2B,21.0,0.012041284403668584
1.49,21.01204128440367,2B,21.0,0.012041284403668584
1.5,21.01204128440367,2B,21.0,0.012041284403668584
1.51,21.01204128440367,2B,21.0,0.012041284403668584
1.52,21.01204128440367,2B,21.0,0.012041284403668584
1.53,21.01204128440367,2B,21.0,0.012041284403668584
1.54,21.01204128440367,2B,21.0,0.012041284403668584
1.55,21.01204128440367,2B,21.0,0.012041284403668584
1.56,21.01204128440367,2B,21.0,0.012041284403668584
1.57,21.01204128440367,2B,21.0,0.012041284403668584
1.58,21.01204128440367,2B,21.0,0.012041284403668584
1.59,21.01204128440367,2B,21.0,0.012041284403668584
1.6,21.01204128440367,2B,21.0,0.012041284403668584
1.61,21.01204128440367,2B,21.0,0.012041284403668584
1.62,21.01204128440367,2B,21.0,0.012041284403668584
1.63,21.01204128440367,2B,21.0,0.012041284403668584
1.64,21.01204128440367,2B,21.0,0.012041284403668584
1.65,21.01204128440367,2B,21.0,0.012041284403668584
1.66,21.01204128440367,2B,21.0,0.012041284403668584
1.67,21.01204128440367,2B,21.0,0.012041284403668584
1.68,21.01204128440367,2B,21.0,0.012041284403668584
1.69,21.01204128440367,2B,21.0,0.012041284403668584
1.7,21.01204128440367,2B,21.0,0.012041284403668584
1.71,21.01204128440367,2B,21.0,0.012041284403668584
1.72,21.01204128440367,2B,21.0,0.012041284403668584
1.73,21.01204128440367,2B,21.0,0.012041284403668584
1.74,21.01204128440367,2B,21.0,0.012041284403668584
1.75,21.01204128440367,2B,21.0,0.012041284403668584
1.76,21.01204128440367,2B,21.0,0.012041284403668584
1.77,21.01204128440367,2B,21.0,0.012041284403668584
1.78,21.01204128440367,2B,21.0,0.012041284403668584
1.79,21.01204128440367,2B,21.0,0.012041284403668584
1.8,21.01204128440367,2B,21.0,0.012041284403668584
1.81,21.01204128440367,2B,21.0,0.012041284403668584
1.82,21.01204128440367,2B,21.0,0.012041284403668584
1.83,21.01204128440367,2B,21.0,0.012041284403668584
1.84,21.01204128440367,2B,21.0,0.012041284403668584
1.85,21.01204128440367,2B,21.0,0.012041284403668584
1.86,21.01204128440367,2B,21.0,0.012041284403668584
1.87,21.01204128440367,2B,21.0,0.012041284403668584
1.88,21.01204128440367,2B,21.0,0.012041284403668584
1.89,21.01204128440367,2B,21.0,0.012041284403668584
1.9,21.01204128440367,2B,21.0,0.012041284403668584
1.91,21.01204128440367,2B,21.0,0.012041284403668584
1.92,21.01204128440367,2B,21.0,0.012041284403668584
1.93,21.01204128440367,2B,21.0,0.012041284403668584
1.94,21.01204128440367,2B,21.0,0.012041284403668584
1.95,21.01204128440367,2B,21.0,0.012041284403668584
1.96,21.01204128440367,2B,21.0,0.012041284403668584
1.97,21.01204128440367,2B,21.0,0.012041284403668584
1.98,21.01204128440367,2B,21.0,0.012041284403668584
1.99,21.01204128440367,2B,21.0,0.012041284403668584
2.0,21.01204128440367,2B,21.0,0.012041284403668584
2.01,21.01204128440367,2B,21.0,0.012041284403668584
2.02,21.01204128440367,2B,21.0,0.012041284403668584
2.03,21.01204128440367,2B,21.0,0.012041284403668584
2.04,21.01204128440367,2B,21.0,0.012041284403668584
2.05,21.01204128440367,2B,21.0,0.012041284403668584
2.06,21.01204128440367,2B,21.0,0.012041284403668584
2.07,21.01204128440367,2B,21.0,0.012041284403668584
2.08,21.01204128440367,2B,21.0,0.012041284403668584
2.09,21.01204128440367,2B,21.0,0.012041284403668584
2.1,21.01204128440367,2B,21.0,0.012041284403668584
2.11,21.01204128440367,2B,21.0,0.012041284403668584
2.12,21.01204128440367,2B,21.0,0.012041284403668584
2.13,21.01204128440367,2B,21.0,0.012041284403668584
2.14,21.01204128440367,2B,21.0,0.012041284403668584
2.15,21.01204128440367,2B,21.0,0.012041284403668584
2.16,21.01204128440367,2B,21.0,0.012041284403668584
2.17,21.01204128440367,2B,21.0,0.012041284403668584
2.18,21.01204128440367,2B,21.0,0.012041284403668584
2.19,21.01204128440367,2B,21.0,0.012041284403668584
2.2,21.01204128440367,2B,21.0,0.012041284403668584
2.21,21.01204128440367,2B,21.0,0.012041284403668584
2.22,21.01204128440367,2B,21.0,0.012041284403668584
2.23,21.01204128440367,2B,21.0,0.012041284403668584
2.24,21.01204128440367,2B,21.0,0.012041284403668584
2.25,21.01204128440367,2B,21.0,0.012041284403668584
2.26,21.01204128440367,2B,21.0,0.012041284403668584
2.27,21.01204128440367,2B,21.0,0.012041284403668584
2.28,21.01204128440367,2B,21.0,0.012041284403668584
2.29,21.01204128440367,2B,21.0,0.012041284403668584
2.3,21.01204128440367,2B,21.0,0.012041284403668584
2.31,21.01204128440367,2B,21.0,0.012041284403668584
2.32,21.01204128440367,2B,21.0,0.012041284403668584
2.33,21.01204128440367,2B,21.0,0.012041284403668584
2.34,21.01204128440367,2B,21.0,0.012041284403668584
2.35,21.01204128440367,2B,21.0,0.012041284403668584
2.36,21.01204128440367,2B,21.0,0.012041284403668584
2.37,21.01204128440367,2B,21.0,0.012041284403668584
2.38,21.01204128440367,2B,21.0,0.012041284403668584
2.39,21.01204128440367,2B,21.0,0.012041284403668584
2.4,21.01204128440367,2B,21.0,0.012041284403668584
2.41,21.01204128440367,2B,21.0,0.012041284403668584
2.42,21.01204128440367,2B,21.0,0.012041284403668584
2.43,21.01204128440367,2B,21.0,0.012041284403668584
2.44,21.01204128440367,2B,21.0,0.012041284403668584
2.45,21.01204128440367,2B,21.0,0.012041284403668584
2.46,21.01204128440367,2B,21.0,0.012041284403668584
2.47,21.01204128440367,2B,21.0,0.012041284403668584
2.48,21.01204128440367,2B,21.0,0.012041284403668584
2.49,21.01204128440367,2B,21.0,0.012041284403668584
2.5,21.01204128440367,2B,21.0,0.012041284403668584
2.51,21.01204128440367,2B,21.0,0.012041284403668584
2.52,21.01204128440367,2B,21.0,0.012041284403668584
2.53,21.01204128440367,2B,21.0,0.012041284403668584
2.54,21.01204128440367,2B,21.0,0.012041284403668584
2.55,21.01204128440367,2B,21.0,0.012041284403668584
2.56,21.01204128440367,2B,21.0,0.012041284403668584
2.57,21.01204128440367,2B,21.0,0.012041284403668584
2.58,21.01204128440367,2B,21.0,0.012041284403668584
2.59,21.01204128440367,2B,21.0,0.012041284403668584
2.6,21.01204128440367,2B,21.0,0.012041284403668584
2.61,21.01204128440367,2B,21.0,0.012041284403668584
2.62,21.01204128440367,2B,21.0,0.012041284403668584
2.63,21.01204128440367,2B,21.0,0.012041284403668584
2.64,21.01204128440367,2B,21.0,0.012041284403668584
2.65,21.01204128440367,2B,21.0,0.012041284403668584
2.66,21.01204128440367,2B,21.0,0.012041284403668584
2.67,21.01204128440367,2B,21.0,0.012041284403668584
2.68,21.01204128440367,2B,21.0,0.012041284403668584
2.69,21.01204128440367,2B,21.0,0.012041284403668584
2.7,21.01204128440367,2B,21.0,0.012041284403668584
2.71,21.01204128440367,2B,21.0,0.012041284403668584
2.72,21.01204128440367,2B,21.0,0.012041284403668584
2.73,21.01204128440367,2B,21.0,0.012041284403668584
2.74,21.01204128440367,2B,21.0,0.012041284403668584
2.75,21.01204128440367,2B,21.0,0.012041284403668584
2.76,21.01204128440367,2B,21.0,0.012041284403668584
2.77,21.01204128440367,2B,21.0,0.012041284403668584
2.78,21.01204128440367,2B,21.0,0.012041284403668584
2.79,21.01204128440367,2B,21.0,0.012041284403668584
2.8,21.01204128440367,2B,21.0,0.012041284403668584
2.81,21.01204128440367,2B,21.0,0.012041284403668584
2.82,21.01204128440367,2B,21.0,0.012041284403668584
2.83,21.01204128440367,2B,21.0,0.012041284403668584
2.84,21.01204128440367,2B,21.0,0.012041284403668584
2.85,21.01204128440367,2B,21.0,0.012041284403668584
2.86,21.01204128440367,2B,21.0,0.012041284403668584
2.87,21.01204128440367,2B,21.0,0.012041284403668584
2.88,21.01204128440367,2B,21.0,0.012041284403668584
2.89,21.01204128440367,2B,21.0,0.012041284403668584
2.9,21.01204128440367,2B,21.0,0.012041284403668584
2.91,21.01204128440367,2B,21.0,0.012041284403668584
2.92,21.01204128440367,2B,21.0,0.012041284403668584
2.93,21.01204128440367,2B,21.0,0.012041284403668584
2.94,21.01204128440367,2B,21.0,0.012041284403668584
2.95,21.01204128440367,2B,21.0,0.012041284403668584
2.96,21.01204128440367,2B,21.0,0.012041284403668584
2.97,21.01204128440367,2B,21.0,0.012041284403668584
2.98,21.01204128440367,2B,21.0,0.012041284403668584
2.99,21.01204128440367,2B,21.0,0.012041284403668584
3.0,21.01204128440367,2B,21.0,0.012041284403668584
3.01,21.01204128440367,2B,21.0,0.012041284403668584
3.02,21.01204128440367,2B,21.0,0.012041284403668584
3.03,21.01204128440367,2B,21.0,0.012041284403668584
3.04,21.01204128440367,2B,21.0,0.012041284403668584
3.05,21.01204128440367,2B,21.0,0.012041284403668584
3.06,21.01204128440367,2B,21.0,0.012041284403668584
3.07,21.01204128440367,2B,21.0,0.012041284403668584
3.08,21.01204128440367,2B,21.0,0.012041284403668584
3.09,21.01204128440367,2B,21.0,0.012041284403668584
3.1,21.01204128440367,2B,21.0,0.012041284403668584
3.11,21.01204128440367,2B,21.0,0.012041284403668584
3.12,21.01204128440367,2B,21.0,0.012041284403668584
3.13,21.01204128440367,2B,21.0,0.012041284403668584
3.14,21.01204128440367,2B,21.0,0.012041284403668584
3.15,21.01204128440367,2B,21.0,0.012041284403668584
3.16,21.01204128440367,2B,21.0,0.012041284403668584
3.17,21.01204128440367,2B,21.0,0.012041284403668584
3.18,21.01204128440367,2B,21.0,0.012041284403668584
3.19,21.01204128440367,2B,21.0,0.012041284403668584
3.2,21.01204128440367,2B,21.0,0.012041284403668584
3.21,21.01204128440367,2B,21.0,0.012041284403668584
3.22,21.01204128440367,2B,21.0,0.012041284403668584
3.23,21.01204128440367,2B,21.0,0.012041284403668584
3.24,21.01204128440367,2B,21.0,0.012041284403668584
3.25,21.01204128440367,2B,21.0,0.012041284403668584
3.26,21.01204128440367,2B,21.0,0.012041284403668584
3.27,21.01204128440367,2B,21.0,0.012041284403668584
3.28,21.01204128440367,2B,21.0,0.012041284403668584
3.29,21.01204128440367,2B,21.0,0.012041284403668584
3.3,21.01204128440367,2B,21.0,0.012041284403668584
3.31,21.01204128440367,2B,21.0,0.012041284403668584
3.32,21.01204128440367,2B,21.0,0.012041284403668584
3.33,21.01204128440367,2B,21.0,0.012041284403668584
3.34,21.01204128440367,2B,21.0,0.012041284403668584
3.35,21.01204128440367,2B,21.0,0.012041284403668584
3.36,21.01204128440367,2B,21.0,0.012041284403668584
3.37,21.01204128440367,2B,21.0,0.012041284403668584
3.38,21.01204128440367,2B,21.0,0.012041284403668584
3.39,21.01204128440367,2B,21.0,0.012041284403668584
3.4,21.01204128440367,2B,21.0,0.012041284403668584
3.41,21.01204128440367,2B,21.0,0.012041284403668584
3.42,21.01204128440367,2B,21.0,0.012041284403668584
3.43,21.01204128440367,2B,21.0,0.012041284403668584
3.44,21.01204128440367,2B,21.0,0.012041284403668584
3.45,21.01204128440367,2B,21.0,0.012041284403668584
3.46,21.01204128440367,2B,21.0,0.012041284403668584
3.47,21.01204128440367,2B,21.0,0.012041284403668584
3.48,21.01204128440367,2B,21.0,0.012041284403668584
3.49,21.01204128440367,2B,21.0,0.012041284403668584
3.5,21.01204128440367,2B,21.0,0.012041284403668584
3.51,21.01204128440367,2B,21.0,0.012041284403668584
3.52,21.01204128440367,2B,21.0,0.012041284403668584
3.53,21.01204128440367,2B,21.0,0.012041284403668584
3.54,21.01204128440367,2B,21.0,0.012041284403668584
3.55,21.01204128440367,2B,21.0,0.012041284403668584
3.56,21.01204128440367,2B,21.0,0.012041284403668584
3.57,21.01204128440367,2B,21.0,0.012041284403668584
3.58,21.01204128440367,2B,21.0,0.012041284403668584
3.59,21.01204128440367,2B,21.0,0.012041284403668584
3.6,21.01204128440367,2B,21.0,0.012041284403668584
3.61,21.01204128440367,2B,21.0,0.012041284403668584
3.62,21.01204128440367,2B,21.0,0.012041284403668584
3.63,21.01204128440367,2B,21.0,0.012041284403668584
3.64,21.01204128440367,2B,21.0,0.012041284403668584
3.65,21.01204128440367,2B,21.0,0.012041284403668584
3.66,21.01204128440367,2B,21.0,0.012041284403668584
3.67,21.01204128440367,2B,21.0,0.012041284403668584
3.68,21.01204128440367,2B,21.0,0.012041284403668584
3.69,21.01204128440367,2B,21.0,0.012041284403668584
3.7,21.01204128440367,2B,21.0,0.012041284403668584
3.71,21.01204128440367,2B,21.0,0.012041284403668584
3.72,21.01204128440367,2B,21.0,0.012041284403668584
3.73,21.01204128440367,2B,21.0,0.012041284403668584
3.74,21.01204128440367,2B,21.0,0.012041284403668584
3.75,21.01204128440367,2B,21.0,0.012041284403668584
3.76,21.01204128440367,2B,21.0,0.012041284403668584
3.77,21.01204128440367,2B,21.0,0.012041284403668584
3.78,21.01204128440367,2B,21.0,0.012041284403668584
3.79,21.01204128440367,2B,21.0,0.012041284403668584
3.8,21.01204128440367,2B,21.0,0.012041284403668584
3.81,21.01204128440367,2B,21.0,0.012041284403668584
3.82,21.01204128440367,2B,21.0,0.012041284403668584
3.83,21.01204128440367,2B,21.0,0.012041284403668584
3.84,21.01204128440367,2B,21.0,0.012041284403668584
3.85,21.01204128440367,2B,21.0,0.012041284403668584
3.86,21.01204128440367,2B,21.0,0.012041284403668584
3.87,21.01204128440367,2B,21.0,0.012041284403668584
3.88,21.01204128440367,2B,21.0,0.012041284403668584
3.89,21.01204128440367,2B,21.0,0.012041284403668584
3.9,21.01204128440367,2B,21.0,0.012041284403668584
3.91,21.01204128440367,2B,21.0,0.012041284403668584
3.92,21.01204128440367,2B,21.0,0.012041284403668584
3.93,21.01204128440367,2B,21.0,0.012041284403668584
3.94,21.01204128440367,2B,21.0,0.012041284403668584
3.95,21.01204128440367,2B,21.0,0.012041284403668584
3.96,21.01204128440367,2B,21.0,0.012041284403668584
3.97,21.01204128440367,2B,21.0,0.012041284403668584
3.98,21.01204128440367,2B,21.0,0.012041284403668584
3.99,21.01204128440367,2B,21.0,0.012041284403668584
4.0,21.01204128440367,2B,21.0,0.012041284403668584
4.01,21.01204128440367,2B,21.0,0.012041284403668584
4.02,21.01204128440367,2B,21.0,0.012041284403668584
4.03,21.01204128440367,2B,21.0,0.012041284403668584
4.04,21.01204128440367,2B,21.0,0.012041284403668584
4.05,21.01204128440367,2B,21.0,0.012041284403668584
4.06,21.01204128440367,2B,21.0,0.012041284403668584
4.07,21.01204128440367,2B,21.0,0.012041284403668584
4.08,21.01204128440367,2B,21.0,0.012041284403668584
4.09,21.01204128440367,2B,21.0,0.012041284403668584
4.1,21.01204128440367,2B,21.0,0.012041284403668584
4.11,21.01204128440367,2B,21.0,0.012041284403668584
4.12,21.01204128440367,2B,21.0,0.012041284403668584
4.13,21.01204128440367,2B,21.0,0.012041284403668584
4.14,21.01204128440367,2B,21.0,0.012041284403668584
4.15,21.01204128440367,2B,21.0,0.012041284403668584
4.16,21.01204128440367,2B,21.0,0.012041284403668584
4.17,21.01204128440367,2B,21.0,0.012041284403668584
4.18,21.01204128440367,2B,21.0,0.012041284403668584
4.19,21.01204128440367,2B,21.0,0.012041284403668584
4.2,21.01204128440367,2B,21.0,0.012041284403668584
4.21,21.01204128440367,2B,21.0,0.012041284403668584
4.22,21.01204128440367,2B,21.0,0.012041284403668584
4.23,21.01204128440367,2B,21.0,0.012041284403668584
4.24,21.01204128440367,2B,21.0,0.012041284403668584
4.25,21.01204128440367,2B,21.0,0.012041284403668584
4.26,21.01204128440367,2B,21.0,0.012041284403668584
4.27,21.01204128440367,2B,21.0,0.012041284403668584
4.28,21.01204128440367,2B,21.0,0.012041284403668584
4.29,21.01204128440367,2B,21.0,0.012041284403668584
4.3,21.01204128440367,2B,21.0,0.012041284403668584
4.31,21.01204128440367,2B,21.0,0.012041284403668584
4.32,21.01204128440367,2B,21.0,0.012041284403668584
4.33,21.01204128440367,2B,21.0,0.012041284403668584
4.34,21.01204128440367,2B,21.0,0.012041284403668584
4.35,21.01204128440367,2B,21.0,0.012041284403668584
4.36,21.01204128440367,2B,21.0,0.012041284403668584
4.37,21.01204128440367,2B,21.0,0.012041284403668584
4.38,21.01204128440367,2B,21.0,0.012041284403668584
4.39,21.01204128440367,2B,21.0,0.012041284403668584
4.4,21.01204128440367,2B,21.0,0.012041284403668584
4.41,21.01204128440367,2B,21.0,0.012041284403668584
4.42,21.01204128440367,2B,21.0,0.012041284403668584
4.43,21.00802752293578,2B,21.0,0.00802752293578024
4.44,21.00802752293578,2B,21.0,0.00802752293578024
4.45,21.00802752293578,2B,21.0,0.00802752293578024
4.46,21.00802752293578,2B,21.0,0.00802752293578024
4.47,21.00802752293578,2B,21.0,0.00802752293578024
4.48,21.00802752293578,2B,21.0,0.00802752293578024
4.49,21.00802752293578,2B,21.0,0.00802752293578024
4.5,21.00802752293578,2B,21.0,0.00802752293578024
4.51,21.00802752293578,2B,21.0,0.00802752293578024
4.52,21.00802752293578,2B,21.0,0.00802752293578024
4.53,21.00802752293578,2B,21.0,0.00802752293578024
4.54,21.00802752293578,2B,21.0,0.00802752293578024
4.55,21.00802752293578,2B,21.0,0.00802752293578024
4.56,21.00802752293578,2B,21.0,0.00802752293578024
4.57,21.00802752293578,2B,21.0,0.00802752293578024
4.58,21.00802752293578,2B,21.0,0.00802752293578024
4.59,21.00802752293578,2B,21.0,0.00802752293578024
4.6,21.01605504587156,2B,21.0,0.01605504587156048
4.61,21.00802752293578,2B,21.0,0.00802752293578024
4.62,21.00802752293578,2B,21.0,0.00802752293578024
4.63,21.00802752293578,2B,21.0,0.00802752293578024
4.64,21.00802752293578,2B,21.0,0.00802752293578024
4.65,21.00802752293578,2B,21.0,0.00802752293578024
4.66,21.00802752293578,2B,21.0,0.00802752293578024
4.67,21.00802752293578,2B,21.0,0.00802752293578024
4.68,21.00802752293578,2B,21.0,0.00802752293578024
4.69,21.00802752293578,2B,21.0,0.00802752293578024
4.7,21.00802752293578,2B,21.0,0.00802752293578024
4.71,21.00802752293578,2B,21.0,0.00802752293578024
4.72,21.00802752293578,2B,21.0,0.00802752293578024
4.73,21.00802752293578,2B,21.0,0.00802752293578024
4.74,21.00802752293578,2B,21.0,0.00802752293578024
4.75,21.00802752293578,2B,21.0,0.00802752293578024
4.76,21.00802752293578,2B,21.0,0.00802752293578024
4.77,21.00802752293578,2B,21.0,0.00802752293578024
4.78,21.00802752293578,2B,21.0,0.00802752293578024
4.79,21.00802752293578,2B,21.0,0.00802752293578024
4.8,21.01605504587156,2B,21.0,0.01605504587156048
4.81,21.00802752293578,2B,21.0,0.00802752293578024
4.82,21.01605504587156,2B,21.0,0.01605504587156048
4.83,21.01605504587156,2B,21.0,0.01605504587156048
4.84,21.01605504587156,2B,21.0,0.01605504587156048
4.85,21.01605504587156,2B,21.0,0.01605504587156048
4.86,21.01605504587156,2B,21.0,0.01605504587156048
4.87,21.02809633027523,2B,21.0,0.028096330275229064
4.88,21.02809633027523,2B,21.0,0.028096330275229064
4.89,21.02809633027523,2B,21.0,0.028096330275229064
4.9,21.04415137614679,2B,21.0,0.044151376146789545
4.91,21.04730886850153,2B,21.0,0.047308868501531265
4.92,21.05217889908257,2B,21.0,0.052178899082569785
4.93,21.060206422018346,2B,21.0,0.06020642201834647
4.94,21.076261467889907,2B,21.0,0.07626146788990695
4.95,21.084288990825687,2B,21.0,0.0842889908256872
4.96,21.092316513761467,2B,21.0,0.09231651376146743
4.97,21.097989296636083,2B,21.0,0.09798929663608291
4.98,21.108371559633028,2B,21.0,0.10837155963302791
4.99,21.12442660550459,2B,21.0,0.1244266055045884
5.0,21.140481651376145,2B,21.0,0.14048165137614532
5.01,21.156536697247706,2B,21.0,0.1565366972477058
5.02,21.1805122324159,2B,21.0,0.1805122324159001
5.03,21.207217125382265,2B,21.0,0.20721712538226456
5.04,21.220756880733944,2B,21.0,0.22075688073394417
5.05,21.244571865443426,2B,21.0,0.2445718654434259
5.06,21.265603975535164,2B,21.0,0.26560397553516424
5.07,21.293004587155963,2B,21.0,0.2930045871559628
5.08,21.324258409785934,2B,21.0,0.32425840978593357
5.09,21.345558103975534,2B,21.0,0.34555810397553444
5.1,21.37327981651376,2B,21.0,0.37327981651376163
5.11,21.411651376146793,2B,21.0,0.4116513761467928
5.12,21.43760703363914,2B,21.0,0.43760703363913933
5.13,21.485665137614678,2B,21.0,0.4856651376146779
5.14,21.524304281345565,2B,21.0,0.5243042813455645
5.15,21.571559633027526,2B,21.0,0.5715596330275261
5.16,21.614105504587158,2B,21.0,0.6141055045871582
5.17,21.665749235474003,2B,21.0,0.6657492354740029
5.18,21.693203363914375,2B,21.0,0.6932033639143746
5.19,21.75057339449541,2B,21.0,0.7505733944954116
5.2,21.795527522935778,2B,21.0,0.7955275229357781
5.21,21.835504587155963,2B,21.0,0.8355045871559632
5.22,21.88704128440367,2B,21.0,0.8870412844036686
5.23,21.945107033639147,2B,21.0,0.9451070336391467
5.24,21.9823012232416,2B,21.0,0.9823012232415991
5.25,22.039564220183486,2B,21.0,1.039564220183486
5.26,22.099610091743113,2B,21.0,1.0996100917431129
5.27,22.14761467889908,2B,21.0,1.1476146788990818
5.28,22.20814220183486,2B,21.0,1.2081422018348604
5.29,22.256574923547404,2B,21.0,1.2565749235474044
5.3,22.276643730886857,2B,21.0,1.2766437308868568
5.31,22.3125,2B,21.0,1.3125
5.32,22.34118501529052,2B,21.0,1.3411850152905203
5.33,22.363394495412845,2B,21.0,1.3633944954128445
5.34,22.3927752293578,2B,21.0,1.3927752293577988
5.35,22.398929663608563,2B,21.0,1.3989296636085626
5.36,22.41032874617737,2B,21.0,1.4103287461773704
5.37,22.440940366972477,2B,21.0,1.4409403669724767
5.38,22.456995412844037,2B,21.0,1.4569954128440372
5.39,22.465611620795105,2B,21.0,1.465611620795105
5.4,22.481077981651374,2B,21.0,1.4810779816513744
0.0,,T3,24.0,
0.01,29.903065749235473,T3,24.0,5.9030657492354734
0.02,29.430619266055047,T3,24.0,5.4306192660550465
0.03,28.80302752293578,T3,24.0,4.803027522935778
0.04,28.400955657492354,T3,24.0,4.400955657492354
0.05,27.87327981651376,T3,24.0,3.8732798165137616
0.06,27.25933486238532,T3,24.0,3.2593348623853196
0.07,26.844365443425076,T3,24.0,2.844365443425076
0.08,26.380160550458715,T3,24.0,2.380160550458715
0.09,25.866720183486237,T3,24.0,1.8667201834862368
0.1,25.63146024464832,T3,24.0,1.63146024464832
0.11,25.408830275229356,T3,24.0,1.4088302752293558
0.12,25.19979357798165,T3,24.0,1.1997935779816515
0.13,25.15205657492355,T3,24.0,1.1520565749235487
0.14,25.095756880733944,T3,24.0,1.0957568807339442
0.15,25.034747706422017,T3,24.0,1.0347477064220172
0.16,24.992148318042815,T3,24.0,0.9921483180428154
0.17,24.94323394495413,T3,24.0,0.9432339449541303
0.18,24.881903669724768,T3,24.0,0.8819036697247675
0.19,24.841926605504586,T3,24.0,0.841926605504586
0.2,24.798738532110093,T3,24.0,0.798738532110093
0.21,24.745917431192662,T3,24.0,0.7459174311926624
0.22,24.705940366972477,T3,24.0,0.7059403669724773
0.23,24.662270642201836,T3,24.0,0.6622706422018361
0.24,24.61667431192661,T3,24.0,0.6166743119266087
0.25,24.58467125382263,T3,24.0,0.5846712538226306
0.26,24.533830275229356,T3,24.0,0.5338302752293558
0.27,24.49,T3,24.0,0.48999999999999844
0.28,24.452377675840978,T3,24.0,0.4523776758409781
0.29,24.42144495412844,T3,24.0,0.4214449541284395
0.3,24.37006880733945,T3,24.0,0.37006880733945025
0.31,24.362201834862386,T3,24.0,0.3622018348623861
0.32,24.325114678899084,T3,24.0,0.32511467889908374
0.33,24.296536697247706,T3,24.0,0.29653669724770637
0.34,24.275237003058102,T3,24.0,0.27523700305810195
0.35,24.244839449541285,T3,24.0,0.2448394495412849
0.36,24.21658256880734,T3,24.0,0.21658256880733973
0.37,24.211337920489296,T3,24.0,0.21133792048929578
0.38,24.180619266055047,T3,24.0,0.18061926605504652
0.39,24.158623853211008,T3,24.0,0.15862385321100803
0.4,24.147974006116208,T3,24.0,0.1479740061162076
0.41,24.116399082568808,T3,24.0,0.11639908256880815
0.42,24.116399082568808,T3,24.0,0.11639908256880815
0.43,24.1156498470948,T3,24.0,0.11564984709480086
0.44,24.092316513761467,T3,24.0,0.09231651376146743
0.45,24.084288990825687,T3,24.0,0.0842889908256872
0.46,24.07604740061162,T3,24.0,0.07604740061162119
0.47,24.06823394495413,T3,24.0,0.06823394495413027
0.48,24.054747706422017,T3,24.0,0.05474770642201676
0.49,24.052071865443427,T3,24.0,0.0520718654434269
0.5,24.03612385321101,T3,24.0,0.036123853211009305
0.51,24.03612385321101,T3,24.0,0.036123853211009305
0.52,24.02408256880734,T3,24.0,0.02408256880734072
0.53,24.02408256880734,T3,24.0,0.02408256880734072
0.54,24.02408256880734,T3,24.0,0.02408256880734072
0.55,24.02408256880734,T3,24.0,0.02408256880734072
0.56,24.02408256880734,T3,24.0,0.02408256880734072
0.57,24.01605504587156,T3,24.0,0.01605504587156048
0.58,24.01605504587156,T3,24.0,0.01605504587156048
0.59,24.01605504587156,T3,24.0,0.01605504587156048
0.6,24.02087155963303,T3,24.0,0.020871559633029335
0.61,24.01605504587156,T3,24.0,0.01605504587156048
0.62,24.01605504587156,T3,24.0,0.01605504587156048
0.63,24.01605504587156,T3,24.0,0.01605504587156048
0.64,24.00802752293578,T3,24.0,0.00802752293578024
0.65,24.00802752293578,T3,24.0,0.00802752293578024
0.66,24.00802752293578,T3,24.0,0.00802752293578024
0.67,24.00802752293578,T3,24.0,0.00802752293578024
0.68,24.00802752293578,T3,24.0,0.00802752293578024
0.69,24.00802752293578,T3,24.0,0.00802752293578024
0.7,24.00802752293578,T3,24.0,0.00802752293578024
0.71,24.00802752293578,T3,24.0,0.00802752293578024
0.72,24.00802752293578,T3,24.0,0.00802752293578024
0.73,24.00802752293578,T3,24.0,0.00802752293578024
0.74,24.00802752293578,T3,24.0,0.00802752293578024
0.75,24.00802752293578,T3,24.0,0.00802752293578024
0.76,24.00802752293578,T3,24.0,0.00802752293578024
0.77,24.00802752293578,T3,24.0,0.00802752293578024
0.78,24.00802752293578,T3,24.0,0.00802752293578024
0.79,24.00802752293578,T3,24.0,0.00802752293578024
0.8,24.01605504587156,T3,24.0,0.01605504587156048
0.81,24.00802752293578,T3,24.0,0.00802752293578024
0.82,24.00802752293578,T3,24.0,0.00802752293578024
0.83,24.00802752293578,T3,24.0,0.00802752293578024
0.84,24.00802752293578,T3,24.0,0.00802752293578024
0.85,24.00802752293578,T3,24.0,0.00802752293578024
0.86,24.00802752293578,T3,24.0,0.00802752293578024
0.87,24.00802752293578,T3,24.0,0.00802752293578024
0.88,24.00802752293578,T3,24.0,0.00802752293578024
0.89,24.00802752293578,T3,24.0,0.00802752293578024
0.9,24.00802752293578,T3,24.0,0.00802752293578024
0.91,24.00802752293578,T3,24.0,0.00802752293578024
0.92,24.00802752293578,T3,24.0,0.00802752293578024
0.93,24.00802752293578,T3,24.0,0.00802752293578024
0.94,24.00802752293578,T3,24.0,0.00802752293578024
0.95,24.00802752293578,T3,24.0,0.00802752293578024
0.96,24.00802752293578,T3,24.0,0.00802752293578024
0.97,24.00802752293578,T3,24.0,0.00802752293578024
0.98,24.00802752293578,T3,24.0,0.00802752293578024
0.99,24.00802752293578,T3,24.0,0.00802752293578024
1.0,24.01605504587156,T3,24.0,0.01605504587156048
1.01,24.00802752293578,T3,24.0,0.00802752293578024
1.02,24.00802752293578,T3,24.0,0.00802752293578024
1.03,24.00802752293578,T3,24.0,0.00802752293578024
1.04,24.00802752293578,T3,24.0,0.00802752293578024
1.05,24.00802752293578,T3,24.0,0.00802752293578024
1.06,24.00802752293578,T3,24.0,0.00802752293578024
1.07,24.00802752293578,T3,24.0,0.00802752293578024
1.08,24.00802752293578,T3,24.0,0.00802752293578024
1.09,24.00802752293578,T3,24.0,0.00802752293578024
1.1,24.00802752293578,T3,24.0,0.00802752293578024
1.11,24.00802752293578,T3,24.0,0.00802752293578024
1.12,24.00802752293578,T3,24.0,0.00802752293578024
1.13,24.00802752293578,T3,24.0,0.00802752293578024
1.14,24.00802752293578,T3,24.0,0.00802752293578024
1.15,24.00802752293578,T3,24.0,0.00802752293578024
1.16,24.00802752293578,T3,24.0,0.00802752293578024
1.17,24.00802752293578,T3,24.0,0.00802752293578024
1.18,24.00802752293578,T3,24.0,0.00802752293578024
1.19,24.00802752293578,T3,24.0,0.00802752293578024
1.2,24.009633027522938,T3,24.0,0.00963302752293771
1.21,24.00802752293578,T3,24.0,0.00802752293578024
1.22,24.00802752293578,T3,24.0,0.00802752293578024
1.23,24.00802752293578,T3,24.0,0.00802752293578024
1.24,24.00802752293578,T3,24.0,0.00802752293578024
1.25,24.00802752293578,T3,24.0,0.00802752293578024
1.26,24.00802752293578,T3,24.0,0.00802752293578024
1.27,24.00802752293578,T3,24.0,0.00802752293578024
1.28,24.00802752293578,T3,24.0,0.00802752293578024
1.29,24.00802752293578,T3,24.0,0.00802752293578024
1.3,24.00802752293578,T3,24.0,0.00802752293578024
1.31,24.00802752293578,T3,24.0,0.00802752293578024
1.32,24.00802752293578,T3,24.0,0.00802752293578024
1.33,24.00802752293578,T3,24.0,0.00802752293578024
1.34,24.00802752293578,T3,24.0,0.00802752293578024
1.35,24.00802752293578,T3,24.0,0.00802752293578024
1.36,24.00802752293578,T3,24.0,0.00802752293578024
1.37,24.00802752293578,T3,24.0,0.00802752293578024
1.38,24.00802752293578,T3,24.0,0.00802752293578024
1.39,24.00802752293578,T3,24.0,0.00802752293578024
1.4,24.013914373088685,T3,24.0,0.01391437308868504
1.41,24.00802752293578,T3,24.0,0.00802752293578024
1.42,24.00802752293578,T3,24.0,0.00802752293578024
1.43,24.00802752293578,T3,24.0,0.00802752293578024
1.44,24.00802752293578,T3,24.0,0.00802752293578024
1.45,24.00802752293578,T3,24.0,0.00802752293578024
1.46,24.00802752293578,T3,24.0,0.00802752293578024
1.47,24.00802752293578,T3,24.0,0.00802752293578024
1.48,24.00802752293578,T3,24.0,0.00802752293578024
1.49,24.00802752293578,T3,24.0,0.00802752293578024
1.5,24.00802752293578,T3,24.0,0.00802752293578024
1.51,24.00802752293578,T3,24.0,0.00802752293578024
1.52,24.00802752293578,T3,24.0,0.00802752293578024
1.53,24.00802752293578,T3,24.0,0.00802752293578024
1.54,24.00802752293578,T3,24.0,0.00802752293578024
1.55,24.00802752293578,T3,24.0,0.00802752293578024
1.56,24.00802752293578,T3,24.0,0.00802752293578024
1.57,24.00802752293578,T3,24.0,0.00802752293578024
1.58,24.00802752293578,T3,24.0,0.00802752293578024
1.59,24.00802752293578,T3,24.0,0.00802752293578024
1.6,24.01605504587156,T3,24.0,0.01605504587156048
1.61,24.00802752293578,T3,24.0,0.00802752293578024
1.62,24.00802752293578,T3,24.0,0.00802752293578024
1.63,24.00802752293578,T3,24.0,0.00802752293578024
1.64,24.00802752293578,T3,24.0,0.00802752293578024
1.65,24.00802752293578,T3,24.0,0.00802752293578024
1.66,24.00802752293578,T3,24.0,0.00802752293578024
1.67,24.00802752293578,T3,24.0,0.00802752293578024
1.68,24.00802752293578,T3,24.0,0.00802752293578024
1.69,24.00802752293578,T3,24.0,0.00802752293578024
1.7,24.00802752293578,T3,24.0,0.00802752293578024
1.71,24.00802752293578,T3,24.0,0.00802752293578024
1.72,24.00802752293578,T3,24.0,0.00802752293578024
1.73,24.00802752293578,T3,24.0,0.00802752293578024
1.74,24.00802752293578,T3,24.0,0.00802752293578024
1.75,24.00802752293578,T3,24.0,0.00802752293578024
1.76,24.00802752293578,T3,24.0,0.00802752293578024
1.77,24.00802752293578,T3,24.0,0.00802752293578024
1.78,24.00802752293578,T3,24.0,0.00802752293578024
1.79,24.00802752293578,T3,24.0,0.00802752293578024
1.8,24.01605504587156,T3,24.0,0.01605504587156048
1.81,24.00802752293578,T3,24.0,0.00802752293578024
1.82,24.00802752293578,T3,24.0,0.00802752293578024
1.83,24.00802752293578,T3,24.0,0.00802752293578024
1.84,24.00802752293578,T3,24.0,0.00802752293578024
1.85,24.00802752293578,T3,24.0,0.00802752293578024
1.86,24.00802752293578,T3,24.0,0.00802752293578024
1.87,24.00802752293578,T3,24.0,0.00802752293578024
1.88,24.00802752293578,T3,24.0,0.00802752293578024
1.89,24.00802752293578,T3,24.0,0.00802752293578024
1.9,24.00802752293578,T3,24.0,0.00802752293578024
1.91,24.00802752293578,T3,24.0,0.00802752293578024
1.92,24.00802752293578,T3,24.0,0.00802752293578024
1.93,24.00802752293578,T3,24.0,0.00802752293578024
1.94,24.00802752293578,T3,24.0,0.00802752293578024
1.95,24.00802752293578,T3,24.0,0.00802752293578024
1.96,24.00802752293578,T3,24.0,0.00802752293578024
1.97,24.00802752293578,T3,24.0,0.00802752293578024
1.98,24.00802752293578,T3,24.0,0.00802752293578024
1.99,24.00802752293578,T3,24.0,0.00802752293578024
2.0,24.010703363914374,T3,24.0,0.010703363914373654
2.01,24.00802752293578,T3,24.0,0.00802752293578024
2.02,24.00802752293578,T3,24.0,0.00802752293578024
2.03,24.00802752293578,T3,24.0,0.00802752293578024
2.04,24.00802752293578,T3,24.0,0.00802752293578024
2.05,24.00802752293578,T3,24.0,0.00802752293578024
2.06,24.00802752293578,T3,24.0,0.00802752293578024
2.07,24.00802752293578,T3,24.0,0.00802752293578024
2.08,24.00802752293578,T3,24.0,0.00802752293578024
2.09,24.00802752293578,T3,24.0,0.00802752293578024
2.1,24.00802752293578,T3,24.0,0.00802752293578024
2.11,24.00802752293578,T3,24.0,0.00802752293578024
2.12,24.00802752293578,T3,24.0,0.00802752293578024
2.13,24.00802752293578,T3,24.0,0.00802752293578024
2.14,24.00802752293578,T3,24.0,0.00802752293578024
2.15,24.00802752293578,T3,24.0,0.00802752293578024
2.16,24.00802752293578,T3,24.0,0.00802752293578024
2.17,24.00802752293578,T3,24.0,0.00802752293578024
2.18,24.00802752293578,T3,24.0,0.00802752293578024
2.19,24.00802752293578,T3,24.0,0.00802752293578024
2.2,24.014984709480125,T3,24.0,0.014984709480124536
2.21,24.00802752293578,T3,24.0,0.00802752293578024
2.22,24.00802752293578,T3,24.0,0.00802752293578024
2.23,24.00802752293578,T3,24.0,0.00802752293578024
2.24,24.00802752293578,T3,24.0,0.00802752293578024
2.25,24.00802752293578,T3,24.0,0.00802752293578024
2.26,24.00802752293578,T3,24.0,0.00802752293578024
2.27,24.00802752293578,T3,24.0,0.00802752293578024
2.28,24.00802752293578,T3,24.0,0.00802752293578024
2.29,24.00802752293578,T3,24.0,0.00802752293578024
2.3,24.00802752293578,T3,24.0,0.00802752293578024
2.31,24.00802752293578,T3,24.0,0.00802752293578024
2.32,24.00802752293578,T3,24.0,0.00802752293578024
2.33,24.00802752293578,T3,24.0,0.00802752293578024
2.34,24.00802752293578,T3,24.0,0.00802752293578024
2.35,24.00802752293578,T3,24.0,0.00802752293578024
2.36,24.00802752293578,T3,24.0,0.00802752293578024
2.37,24.00802752293578,T3,24.0,0.00802752293578024
2.38,24.00802752293578,T3,24.0,0.00802752293578024
2.39,24.00802752293578,T3,24.0,0.00802752293578024
2.4,24.01605504587156,T3,24.0,0.01605504587156048
2.41,24.00802752293578,T3,24.0,0.00802752293578024
2.42,24.00802752293578,T3,24.0,0.00802752293578024
2.43,24.00802752293578,T3,24.0,0.00802752293578024
2.44,24.00802752293578,T3,24.0,0.00802752293578024
2.45,24.00802752293578,T3,24.0,0.00802752293578024
2.46,24.00802752293578,T3,24.0,0.00802752293578024
2.47,24.00802752293578,T3,24.0,0.00802752293578024
2.48,24.00802752293578,T3,24.0,0.00802752293578024
2.49,24.00802752293578,T3,24.0,0.00802752293578024
2.5,24.00802752293578,T3,24.0,0.00802752293578024
2.51,24.00802752293578,T3,24.0,0.00802752293578024
2.52,24.00802752293578,T3,24.0,0.00802752293578024
2.53,24.00802752293578,T3,24.0,0.00802752293578024
2.54,24.00802752293578,T3,24.0,0.00802752293578024
2.55,24.00802752293578,T3,24.0,0.00802752293578024
2.56,24.00802752293578,T3,24.0,0.00802752293578024
2.57,24.00802752293578,T3,24.0,0.00802752293578024
2.58,24.00802752293578,T3,24.0,0.00802752293578024
2.59,24.00802752293578,T3,24.0,0.00802752293578024
2.6,24.01605504587156,T3,24.0,0.01605504587156048
2.61,24.00802752293578,T3,24.0,0.00802752293578024
2.62,24.00802752293578,T3,24.0,0.00802752293578024
2.63,24.00802752293578,T3,24.0,0.00802752293578024
2.64,24.00802752293578,T3,24.0,0.00802752293578024
2.65,24.00802752293578,T3,24.0,0.00802752293578024
2.66,24.00802752293578,T3,24.0,0.00802752293578024
2.67,24.00802752293578,T3,24.0,0.00802752293578024
2.68,24.00802752293578,T3,24.0,0.00802752293578024
2.69,24.00802752293578,T3,24.0,0.00802752293578024
2.7,24.00802752293578,T3,24.0,0.00802752293578024
2.71,24.00802752293578,T3,24.0,0.00802752293578024
2.72,24.00802752293578,T3,24.0,0.00802752293578024
2.73,24.00802752293578,T3,24.0,0.00802752293578024
2.74,24.00802752293578,T3,24.0,0.00802752293578024
2.75,24.00802752293578,T3,24.0,0.00802752293578024
2.76,24.00802752293578,T3,24.0,0.00802752293578024
2.77,24.00802752293578,T3,24.0,0.00802752293578024
2.78,24.00802752293578,T3,24.0,0.00802752293578024
2.79,24.00802752293578,T3,24.0,0.00802752293578024
2.8,24.01177370030581,T3,24.0,0.011773700305809598
2.81,24.00802752293578,T3,24.0,0.00802752293578024
2.82,24.00802752293578,T3,24.0,0.00802752293578024
2.83,24.00802752293578,T3,24.0,0.00802752293578024
2.84,24.00802752293578,T3,24.0,0.00802752293578024
2.85,24.00802752293578,T3,24.0,0.00802752293578024
2.86,24.00802752293578,T3,24.0,0.00802752293578024
2.87,24.00802752293578,T3,24.0,0.00802752293578024
2.88,24.00802752293578,T3,24.0,0.00802752293578024
2.89,24.00802752293578,T3,24.0,0.00802752293578024
2.9,24.00802752293578,T3,24.0,0.00802752293578024
2.91,24.00802752293578,T3,24.0,0.00802752293578024
2.92,24.00802752293578,T3,24.0,0.00802752293578024
2.93,24.00802752293578,T3,24.0,0.00802752293578024
2.94,24.00802752293578,T3,24.0,0.00802752293578024
2.95,24.00802752293578,T3,24.0,0.00802752293578024
2.96,24.00802752293578,T3,24.0,0.00802752293578024
2.97,24.00802752293578,T3,24.0,0.00802752293578024
2.98,24.00802752293578,T3,24.0,0.00802752293578024
2.99,24.00802752293578,T3,24.0,0.00802752293578024
3.0,24.01605504587156,T3,24.0,0.01605504587156048
3.01,24.00802752293578,T3,24.0,0.00802752293578024
3.02,24.00802752293578,T3,24.0,0.00802752293578024
3.03,24.00802752293578,T3,24.0,0.00802752293578024
3.04,24.00802752293578,T3,24.0,0.00802752293578024
3.05,24.00802752293578,T3,24.0,0.00802752293578024
3.06,24.00802752293578,T3,24.0,0.00802752293578024
3.07,24.00802752293578,T3,24.0,0.00802752293578024
3.08,24.00802752293578,T3,24.0,0.00802752293578024
3.09,24.00802752293578,T3,24.0,0.00802752293578024
3.1,24.00802752293578,T3,24.0,0.00802752293578024
3.11,24.00802752293578,T3,24.0,0.00802752293578024
3.12,24.00802752293578,T3,24.0,0.00802752293578024
3.13,24.00802752293578,T3,24.0,0.00802752293578024
3.14,24.00802752293578,T3,24.0,0.00802752293578024
3.15,24.00802752293578,T3,24.0,0.00802752293578024
3.16,24.00802752293578,T3,24.0,0.00802752293578024
3.17,24.00802752293578,T3,24.0,0.00802752293578024
3.18,24.00802752293578,T3,24.0,0.00802752293578024
3.19,24.00802752293578,T3,24.0,0.00802752293578024
3.2,24.01605504587156,T3,24.0,0.01605504587156048
3.21,24.00802752293578,T3,24.0,0.00802752293578024
3.22,24.00802752293578,T3,24.0,0.00802752293578024
3.23,24.00802752293578,T3,24.0,0.00802752293578024
3.24,24.00802752293578,T3,24.0,0.00802752293578024
3.25,24.00802752293578,T3,24.0,0.00802752293578024
3.26,24.00802752293578,T3,24.0,0.00802752293578024
3.27,24.00802752293578,T3,24.0,0.00802752293578024
3.28,24.00802752293578,T3,24.0,0.00802752293578024
3.29,24.00802752293578,T3,24.0,0.00802752293578024
3.3,24.00802752293578,T3,24.0,0.00802752293578024
3.31,24.00802752293578,T3,24.0,0.00802752293578024
3.32,24.00802752293578,T3,24.0,0.00802752293578024
3.33,24.00802752293578,T3,24.0,0.00802752293578024
3.34,24.00802752293578,T3,24.0,0.00802752293578024
3.35,24.00802752293578,T3,24.0,0.00802752293578024
3.36,24.00802752293578,T3,24.0,0.00802752293578024
3.37,24.00802752293578,T3,24.0,0.00802752293578024
3.38,24.00802752293578,T3,24.0,0.00802752293578024
3.39,24.00802752293578,T3,24.0,0.00802752293578024
3.4,24.015519877675843,T3,24.0,0.015519877675842508
3.41,24.00802752293578,T3,24.0,0.00802752293578024
3.42,24.00802752293578,T3,24.0,0.00802752293578024
3.43,24.00802752293578,T3,24.0,0.00802752293578024
3.44,24.00802752293578,T3,24.0,0.00802752293578024
3.45,24.00802752293578,T3,24.0,0.00802752293578024
3.46,24.00802752293578,T3,24.0,0.00802752293578024
3.47,24.00802752293578,T3,24.0,0.00802752293578024
3.48,24.00802752293578,T3,24.0,0.00802752293578024
3.49,24.00802752293578,T3,24.0,0.00802752293578024
3.5,24.00802752293578,T3,24.0,0.00802752293578024
3.51,24.00802752293578,T3,24.0,0.00802752293578024
3.52,24.00802752293578,T3,24.0,0.00802752293578024
3.53,24.00802752293578,T3,24.0,0.00802752293578024
3.54,24.00802752293578,T3,24.0,0.00802752293578024
3.55,24.00802752293578,T3,24.0,0.00802752293578024
3.56,24.00802752293578,T3,24.0,0.00802752293578024
3.57,24.00802752293578,T3,24.0,0.00802752293578024
3.58,24.00802752293578,T3,24.0,0.00802752293578024
3.59,24.00802752293578,T3,24.0,0.00802752293578024
3.6,24.01284403669725,T3,24.0,0.012844036697249095
3.61,24.00802752293578,T3,24.0,0.00802752293578024
3.62,24.00802752293578,T3,24.0,0.00802752293578024
3.63,24.00802752293578,T3,24.0,0.00802752293578024
3.64,24.00802752293578,T3,24.0,0.00802752293578024
3.65,24.00802752293578,T3,24.0,0.00802752293578024
3.66,24.00802752293578,T3,24.0,0.00802752293578024
3.67,24.00802752293578,T3,24.0,0.00802752293578024
3.68,24.00802752293578,T3,24.0,0.00802752293578024
3.69,24.00802752293578,T3,24.0,0.00802752293578024
3.7,24.00802752293578,T3,24.0,0.00802752293578024
3.71,24.00802752293578,T3,24.0,0.00802752293578024
3.72,24.00802752293578,T3,24.0,0.00802752293578024
3.73,24.00802752293578,T3,24.0,0.00802752293578024
3.74,24.00802752293578,T3,24.0,0.00802752293578024
3.75,24.00802752293578,T3,24.0,0.00802752293578024
3.76,24.00802752293578,T3,24.0,0.00802752293578024
3.77,24.00802752293578,T3,24.0,0.00802752293578024
3.78,24.00802752293578,T3,24.0,0.00802752293578024
3.79,24.00802752293578,T3,24.0,0.00802752293578024
3.8,24.01605504587156,T3,24.0,0.01605504587156048
3.81,24.00802752293578,T3,24.0,0.00802752293578024
3.82,24.00802752293578,T3,24.0,0.00802752293578024
3.83,24.00802752293578,T3,24.0,0.00802752293578024
3.84,24.00802752293578,T3,24.0,0.00802752293578024
3.85,24.00802752293578,T3,24.0,0.00802752293578024
3.86,24.00802752293578,T3,24.0,0.00802752293578024
3.87,24.00802752293578,T3,24.0,0.00802752293578024
3.88,24.00802752293578,T3,24.0,0.00802752293578024
3.89,24.00802752293578,T3,24.0,0.00802752293578024
3.9,24.00802752293578,T3,24.0,0.00802752293578024
3.91,24.00802752293578,T3,24.0,0.00802752293578024
3.92,24.00802752293578,T3,24.0,0.00802752293578024
3.93,24.00802752293578,T3,24.0,0.00802752293578024
3.94,24.00802752293578,T3,24.0,0.00802752293578024
3.95,24.00802752293578,T3,24.0,0.00802752293578024
3.96,24.00802752293578,T3,24.0,0.00802752293578024
3.97,24.00802752293578,T3,24.0,0.00802752293578024
3.98,24.00802752293578,T3,24.0,0.00802752293578024
3.99,24.00802752293578,T3,24.0,0.00802752293578024
4.0,24.01605504587156,T3,24.0,0.01605504587156048
4.01,24.00802752293578,T3,24.0,0.00802752293578024
4.02,24.00802752293578,T3,24.0,0.00802752293578024
4.03,24.00802752293578,T3,24.0,0.00802752293578024
4.04,24.00802752293578,T3,24.0,0.00802752293578024
4.05,24.00802752293578,T3,24.0,0.00802752293578024
4.06,24.00802752293578,T3,24.0,0.00802752293578024
4.07,24.00802752293578,T3,24.0,0.00802752293578024
4.08,24.00802752293578,T3,24.0,0.00802752293578024
4.09,24.00802752293578,T3,24.0,0.00802752293578024
4.1,24.00802752293578,T3,24.0,0.00802752293578024
4.11,24.00802752293578,T3,24.0,0.00802752293578024
4.12,24.00802752293578,T3,24.0,0.00802752293578024
4.13,24.00802752293578,T3,24.0,0.00802752293578024
4.14,24.00802752293578,T3,24.0,0.00802752293578024
4.15,24.00802752293578,T3,24.0,0.00802752293578024
4.16,24.00802752293578,T3,24.0,0.00802752293578024
4.17,24.00802752293578,T3,24.0,0.00802752293578024
4.18,24.00802752293578,T3,24.0,0.00802752293578024
4.19,24.00802752293578,T3,24.0,0.00802752293578024
4.2,24.014449541284403,T3,24.0,0.014449541284403011
4.21,24.00802752293578,T3,24.0,0.00802752293578024
4.22,24.00802752293578,T3,24.0,0.00802752293578024
4.23,24.00802752293578,T3,24.0,0.00802752293578024
4.24,24.00802752293578,T3,24.0,0.00802752293578024
4.25,24.00802752293578,T3,24.0,0.00802752293578024
4.26,24.00802752293578,T3,24.0,0.00802752293578024
4.27,24.00802752293578,T3,24.0,0.00802752293578024
4.28,24.00802752293578,T3,24.0,0.00802752293578024
4.29,24.00802752293578,T3,24.0,0.00802752293578024
4.3,24.00802752293578,T3,24.0,0.00802752293578024
4.31,24.00802752293578,T3,24.0,0.00802752293578024
4.32,24.00802752293578,T3,24.0,0.00802752293578024
4.33,24.00802752293578,T3,24.0,0.00802752293578024
4.34,24.00802752293578,T3,24.0,0.00802752293578024
4.35,24.00802752293578,T3,24.0,0.00802752293578024
4.36,24.00802752293578,T3,24.0,0.00802752293578024
4.37,24.00802752293578,T3,24.0,0.00802752293578024
4.38,24.00802752293578,T3,24.0,0.00802752293578024
4.39,24.00802752293578,T3,24.0,0.00802752293578024
4.4,24.01391437308869,T3,24.0,0.013914373088688592
4.41,24.00802752293578,T3,24.0,0.00802752293578024
4.42,24.00802752293578,T3,24.0,0.00802752293578024
4.43,24.00802752293578,T3,24.0,0.00802752293578024
4.44,24.00802752293578,T3,24.0,0.00802752293578024
4.45,24.00802752293578,T3,24.0,0.00802752293578024
4.46,24.00802752293578,T3,24.0,0.00802752293578024
4.47,24.00802752293578,T3,24.0,0.00802752293578024
4.48,24.00802752293578,T3,24.0,0.00802752293578024
4.49,24.00802752293578,T3,24.0,0.00802752293578024
4.5,24.00802752293578,T3,24.0,0.00802752293578024
4.51,24.00802752293578,T3,24.0,0.00802752293578024
4.52,24.00802752293578,T3,24.0,0.00802752293578024
4.53,24.00802752293578,T3,24.0,0.00802752293578024
4.54,24.00802752293578,T3,24.0,0.00802752293578024
4.55,24.00802752293578,T3,24.0,0.00802752293578024
4.56,24.00802752293578,T3,24.0,0.00802752293578024
4.57,24.00802752293578,T3,24.0,0.00802752293578024
4.58,24.00802752293578,T3,24.0,0.00802752293578024
4.59,24.00802752293578,T3,24.0,0.00802752293578024
4.6,24.01605504587156,T3,24.0,0.01605504587156048
4.61,24.00802752293578,T3,24.0,0.00802752293578024
4.62,24.00802752293578,T3,24.0,0.00802752293578024
4.63,24.00802752293578,T3,24.0,0.00802752293578024
4.64,24.00802752293578,T3,24.0,0.00802752293578024
4.65,24.00802752293578,T3,24.0,0.00802752293578024
4.66,24.00802752293578,T3,24.0,0.00802752293578024
4.67,24.00802752293578,T3,24.0,0.00802752293578024
4.68,24.00802752293578,T3,24.0,0.00802752293578024
4.69,24.00802752293578,T3,24.0,0.00802752293578024
4.7,24.00802752293578,T3,24.0,0.00802752293578024
4.71,24.00802752293578,T3,24.0,0.00802752293578024
4.72,24.00802752293578,T3,24.0,0.00802752293578024
4.73,24.00802752293578,T3,24.0,0.00802752293578024
4.74,24.00802752293578,T3,24.0,0.00802752293578024
4.75,24.00802752293578,T3,24.0,0.00802752293578024
4.76,24.01605504587156,T3,24.0,0.01605504587156048
4.77,24.01605504587156,T3,24.0,0.01605504587156048
4.78,24.01605504587156,T3,24.0,0.01605504587156048
4.79,24.01605504587156,T3,24.0,0.01605504587156048
4.8,24.02408256880734,T3,24.0,0.02408256880734072
4.81,24.01605504587156,T3,24.0,0.01605504587156048
4.82,24.01605504587156,T3,24.0,0.01605504587156048
4.83,24.01605504587156,T3,24.0,0.01605504587156048
4.84,24.02408256880734,T3,24.0,0.02408256880734072
4.85,24.02408256880734,T3,24.0,0.02408256880734072
4.86,24.02408256880734,T3,24.0,0.02408256880734072
4.87,24.02408256880734,T3,24.0,0.02408256880734072
4.88,24.03211009174312,T3,24.0,0.03211009174312096
4.89,24.03612385321101,T3,24.0,0.036123853211009305
4.9,24.03612385321101,T3,24.0,0.036123853211009305
4.91,24.04243883792049,T3,24.0,0.04243883792048919
4.92,24.05217889908257,T3,24.0,0.052178899082569785
4.93,24.06823394495413,T3,24.0,0.06823394495413027
4.94,24.079258409785933,T3,24.0,0.07925840978593257
4.95,24.084288990825687,T3,24.0,0.0842889908256872
4.96,24.100344036697248,T3,24.0,0.10034403669724767
4.97,24.106016819571863,T3,24.0,0.10601681957186315
4.98,24.116399082568808,T3,24.0,0.11639908256880815
4.99,24.12442660550459,T3,24.0,0.1244266055045884
5.0,24.137805810397552,T3,24.0,0.1378058103975519
5.01,24.156536697247706,T3,24.0,0.1565366972477058
5.02,24.180619266055047,T3,24.0,0.18061926605504652
5.03,24.201704892966365,T3,24.0,0.20170489296636518
5.04,24.220756880733944,T3,24.0,0.22075688073394417
5.05,24.252331804281347,T3,24.0,0.25233180428134716
5.06,24.273631498470948,T3,24.0,0.27363149847094803
5.07,24.301032110091743,T3,24.0,0.301032110091743
5.08,24.33228593272171,T3,24.0,0.33228593272171025
5.09,24.34775229357798,T3,24.0,0.34775229357797954
5.1,24.381307339449542,T3,24.0,0.38130733944954187
5.11,24.42026758409786,T3,24.0,0.4202675840978607
5.12,24.45162844036697,T3,24.0,0.4516284403669708
5.13,24.485665137614678,T3,24.0,0.4856651376146779
5.14,24.54688837920489,T3,24.0,0.5468883792048906
5.15,24.57771406727829,T3,24.0,0.5777140672782899
5.16,24.622133027522935,T3,24.0,0.6221330275229349
5.17,24.67377675840978,T3,24.0,0.6737767584097796
5.18,24.705833333333334,T3,24.0,0.7058333333333344
5.19,24.742545871559635,T3,24.0,0.7425458715596349
5.2,24.803555045871555,T3,24.0,0.8035550458715548
5.21,24.835504587155963,T3,24.0,0.8355045871559632
5.22,24.88704128440367,T3,24.0,0.8870412844036686
5.23,24.945107033639147,T3,24.0,0.9451070336391467
5.24,24.9823012232416,T3,24.0,0.9823012232415991
5.25,25.039564220183486,T3,24.0,1.039564220183486
5.26,25.099610091743113,T3,24.0,1.0996100917431129
5.27,25.14761467889908,T3,24.0,1.1476146788990818
5.28,25.20814220183486,T3,24.0,1.2081422018348604
5.29,25.25009938837921,T3,24.0,1.2500993883792084
5.3,25.276643730886857,T3,24.0,1.2766437308868568
5.31,25.30447247706422,T3,24.0,1.3044724770642198
5.32,25.33487003058104,T3,24.0,1.3348700305810404
5.33,25.354457186544344,T3,24.0,1.3544571865443444
5.34,25.37672018348624,T3,24.0,1.3767201834862384
5.35,25.397056574923546,T3,24.0,1.3970565749235462
5.36,25.401551987767586,T3,24.0,1.4015519877675864
5.37,25.41685779816514,T3,24.0,1.4168577981651396
5.38,25.432912844036696,T3,24.0,1.4329128440366965
5.39,25.441529051987764,T3,24.0,1.4415290519877644
5.4,25.473050458715598,T3,24.0,1.4730504587155977
0.0,,T3fine,24.0,
0.01,25.550605504587157,T3fine,24.0,1.550605504587157
0.02,25.558715596330277,T3fine,24.0,1.558715596330277
0.03,25.562146788990827,T3fine,24.0,1.5621467889908267
0.04,25.56605504587156,T3fine,24.0,1.5660550458715612
0.05,25.556880733944954,T3fine,24.0,1.5568807339449542
0.06,25.529504587155966,T3fine,24.0,1.5295045871559658
0.07,25.50473394495413,T3fine,24.0,1.504733944954129
0.08,25.455963302752295,T3fine,24.0,1.455963302752295
0.09,25.41205504587156,T3fine,24.0,1.4120550458715613
0.1,25.373394495412846,T3fine,24.0,1.373394495412846
0.11,25.305504587155966,T3fine,24.0,1.3055045871559656
0.12,25.256770642201836,T3fine,24.0,1.256770642201836
0.13,25.20091743119266,T3fine,24.0,1.2009174311926607
0.14,25.125688073394496,T3fine,24.0,1.125688073394496
0.15,25.073669724770642,T3fine,24.0,1.0736697247706424
0.16,25.008256880733946,T3fine,24.0,1.0082568807339456
0.17,24.937559633027522,T3fine,24.0,0.9375596330275222
0.18,24.887449541284404,T3fine,24.0,0.8874495412844041
0.19,24.821100917431192,T3fine,24.0,0.8211009174311918
0.2,24.755045871559634,T3fine,24.0,0.7550458715596342
0.21,24.706366972477063,T3fine,24.0,0.7063669724770634
0.22,24.643119266055045,T3fine,24.0,0.6431192660550451
0.23,24.585504587155963,T3fine,24.0,0.5855045871559632
0.24,24.544036697247705,T3fine,24.0,0.5440366972477051
0.25,24.48165137614679,T3fine,24.0,0.48165137614678954
0.26,24.44124770642202,T3fine,24.0,0.4412477064220184
0.27,24.40091743119266,T3fine,24.0,0.40091743119266
0.28,24.35137614678899,T3fine,24.0,0.35137614678899
0.29,24.316660550458717,T3fine,24.0,0.31666055045871744
0.3,24.28165137614679,T3fine,24.0,0.28165137614679026
0.31,24.243284403669726,T3fine,24.0,0.24328440366972615
0.32,24.220660550458717,T3fine,24.0,0.22066055045871735
0.33,24.189908256880734,T3fine,24.0,0.18990825688073443
0.34,24.16311926605505,T3fine,24.0,0.16311926605504823
0.35,24.147889908256882,T3fine,24.0,0.1478899082568823
0.36,24.123853211009173,T3fine,24.0,0.12385321100917324
0.37,24.107981651376146,T3fine,24.0,0.10798165137614646
0.38,24.09434862385321,T3fine,24.0,0.09434862385321097
0.39,24.079816513761468,T3fine,24.0,0.07981651376146814
0.4,24.067339449541283,T3fine,24.0,0.0673394495412829
0.41,24.057798165137616,T3fine,24.0,0.0577981651376156
0.42,24.04678899082569,T3fine,24.0,0.046788990825689325
0.43,24.040532110091743,T3fine,24.0,0.040532110091742624
0.44,24.03394495412844,T3fine,24.0,0.03394495412844023
0.45,24.026605504587156,T3fine,24.0,0.026605504587156048
0.46,24.023522935779816,T3fine,24.0,0.023522935779816123
0.47,24.01743119266055,T3fine,24.0,0.017431192660549044
0.48,24.014055045871558,T3fine,24.0,0.014055045871558036
0.49,24.01299082568807,T3fine,24.0,0.012990825688071084
0.5,24.010091743119265,T3fine,24.0,0.010091743119264862
0.51,24.006422018348623,T3fine,24.0,0.006422018348622771
0.52,24.006422018348623,T3fine,24.0,0.006422018348622771
0.53,24.003669724770642,T3fine,24.0,0.003669724770642091
0.54,24.003669724770642,T3fine,24.0,0.003669724770642091
0.55,24.003669724770642,T3fine,24.0,0.003669724770642091
0.56,24.003669724770642,T3fine,24.0,0.003669724770642091
0.57,24.001834862385323,T3fine,24.0,0.0018348623853228219
0.58,24.001834862385323,T3fine,24.0,0.0018348623853228219
0.59,24.001834862385323,T3fine,24.0,0.0018348623853228219
0.6,24.00256880733945,T3fine,24.0,0.0025688073394505295
0.61,24.001834862385323,T3fine,24.0,0.0018348623853228219
0.62,24.001834862385323,T3fine,24.0,0.0018348623853228219
0.63,24.001834862385323,T3fine,24.0,0.0018348623853228219
0.64,24.001834862385323,T3fine,24.0,0.0018348623853228219
0.65,24.001834862385323,T3fine,24.0,0.0018348623853228219
0.66,24.001834862385323,T3fine,24.0,0.0018348623853228219
0.67,24.001834862385323,T3fine,24.0,0.0018348623853228219
0.68,24.001834862385323,T3fine,24.0,0.0018348623853228219
0.69,24.001834862385323,T3fine,24.0,0.0018348623853228219
0.7,24.001834862385323,T3fine,24.0,0.0018348623853228219
0.71,24.001834862385323,T3fine,24.0,0.0018348623853228219
0.72,24.001834862385323,T3fine,24.0,0.0018348623853228219
0.73,24.001834862385323,T3fine,24.0,0.0018348623853228219
0.74,24.001834862385323,T3fine,24.0,0.0018348623853228219
0.75,24.001834862385323,T3fine,24.0,0.0018348623853228219
0.76,24.001834862385323,T3fine,24.0,0.0018348623853228219
0.77,24.001834862385323,T3fine,24.0,0.0018348623853228219
0.78,24.001834862385323,T3fine,24.0,0.0018348623853228219
0.79,24.001834862385323,T3fine,24.0,0.0018348623853228219
0.8,24.002201834862387,T3fine,24.0,0.0022018348623866757
0.81,24.001834862385323,T3fine,24.0,0.0018348623853228219
0.82,24.00275229357798,T3fine,24.0,0.00275229357798068
0.83,24.00275229357798,T3fine,24.0,0.00275229357798068
0.84,24.00275229357798,T3fine,24.0,0.00275229357798068
0.85,24.00275229357798,T3fine,24.0,0.00275229357798068
0.86,24.00275229357798,T3fine,24.0,0.00275229357798068
0.87,24.00275229357798,T3fine,24.0,0.00275229357798068
0.88,24.00275229357798,T3fine,24.0,0.00275229357798068
0.89,24.00275229357798,T3fine,24.0,0.00275229357798068
0.9,24.00275229357798,T3fine,24.0,0.00275229357798068
0.91,24.00275229357798,T3fine,24.0,0.00275229357798068
0.92,24.00275229357798,T3fine,24.0,0.00275229357798068
0.93,24.00275229357798,T3fine,24.0,0.00275229357798068
0.94,24.00275229357798,T3fine,24.0,0.00275229357798068
0.95,24.00275229357798,T3fine,24.0,0.00275229357798068
0.96,24.00275229357798,T3fine,24.0,0.00275229357798068
0.97,24.00275229357798,T3fine,24.0,0.00275229357798068
0.98,24.00275229357798,T3fine,24.0,0.00275229357798068
0.99,24.00275229357798,T3fine,24.0,0.00275229357798068
1.0,24.00275229357798,T3fine,24.0,0.00275229357798068
1.01,24.00275229357798,T3fine,24.0,0.00275229357798068
1.02,24.00275229357798,T3fine,24.0,0.00275229357798068
1.03,24.00275229357798,T3fine,24.0,0.00275229357798068
1.04,24.00275229357798,T3fine,24.0,0.00275229357798068
1.05,24.00275229357798,T3fine,24.0,0.00275229357798068
1.06,24.00275229357798,T3fine,24.0,0.00275229357798068
1.07,24.00275229357798,T3fine,24.0,0.00275229357798068
1.08,24.00275229357798,T3fine,24.0,0.00275229357798068
1.09,24.00275229357798,T3fine,24.0,0.00275229357798068
1.1,24.00275229357798,T3fine,24.0,0.00275229357798068
1.11,24.00275229357798,T3fine,24.0,0.00275229357798068
1.12,24.00275229357798,T3fine,24.0,0.00275229357798068
1.13,24.00275229357798,T3fine,24.0,0.00275229357798068
1.14,24.00275229357798,T3fine,24.0,0.00275229357798068
1.15,24.00275229357798,T3fine,24.0,0.00275229357798068
1.16,24.00275229357798,T3fine,24.0,0.00275229357798068
1.17,24.00275229357798,T3fine,24.0,0.00275229357798068
1.18,24.00275229357798,T3fine,24.0,0.00275229357798068
1.19,24.00275229357798,T3fine,24.0,0.00275229357798068
1.2,24.00275229357798,T3fine,24.0,0.00275229357798068
1.21,24.00275229357798,T3fine,24.0,0.00275229357798068
1.22,24.00275229357798,T3fine,24.0,0.00275229357798068
1.23,24.00275229357798,T3fine,24.0,0.00275229357798068
1.24,24.00275229357798,T3fine,24.0,0.00275229357798068
1.25,24.00275229357798,T3fine,24.0,0.00275229357798068
1.26,24.00275229357798,T3fine,24.0,0.00275229357798068
1.27,24.00275229357798,T3fine,24.0,0.00275229357798068
1.28,24.00275229357798,T3fine,24.0,0.00275229357798068
1.29,24.00275229357798,T3fine,24.0,0.00275229357798068
1.3,24.00275229357798,T3fine,24.0,0.00275229357798068
1.31,24.00275229357798,T3fine,24.0,0.00275229357798068
1.32,24.00275229357798,T3fine,24.0,0.00275229357798068
1.33,24.00275229357798,T3fine,24.0,0.00275229357798068
1.34,24.00275229357798,T3fine,24.0,0.00275229357798068
1.35,24.00275229357798,T3fine,24.0,0.00275229357798068
1.36,24.00275229357798,T3fine,24.0,0.00275229357798068
1.37,24.00275229357798,T3fine,24.0,0.00275229357798068
1.38,24.00275229357798,T3fine,24.0,0.00275229357798068
1.39,24.00275229357798,T3fine,24.0,0.00275229357798068
1.4,24.00275229357798,T3fine,24.0,0.00275229357798068
1.41,24.00275229357798,T3fine,24.0,0.00275229357798068
1.42,24.00275229357798,T3fine,24.0,0.00275229357798068
1.43,24.00275229357798,T3fine,24.0,0.00275229357798068
1.44,24.00275229357798,T3fine,24.0,0.00275229357798068
1.45,24.00275229357798,T3fine,24.0,0.00275229357798068
1.46,24.00275229357798,T3fine,24.0,0.00275229357798068
1.47,24.00275229357798,T3fine,24.0,0.00275229357798068
1.48,24.00275229357798,T3fine,24.0,0.00275229357798068
1.49,24.00275229357798,T3fine,24.0,0.00275229357798068
1.5,24.00275229357798,T3fine,24.0,0.00275229357798068
1.51,24.00275229357798,T3fine,24.0,0.00275229357798068
1.52,24.00275229357798,T3fine,24.0,0.00275229357798068
1.53,24.00275229357798,T3fine,24.0,0.00275229357798068
1.54,24.00275229357798,T3fine,24.0,0.00275229357798068
1.55,24.00275229357798,T3fine,24.0,0.00275229357798068
1.56,24.00275229357798,T3fine,24.0,0.00275229357798068
1.57,24.00275229357798,T3fine,24.0,0.00275229357798068
1.58,24.00275229357798,T3fine,24.0,0.00275229357798068
1.59,24.00275229357798,T3fine,24.0,0.00275229357798068
1.6,24.00275229357798,T3fine,24.0,0.00275229357798068
1.61,24.00275229357798,T3fine,24.0,0.00275229357798068
1.62,24.00275229357798,T3fine,24.0,0.00275229357798068
1.63,24.00275229357798,T3fine,24.0,0.00275229357798068
1.64,24.00275229357798,T3fine,24.0,0.00275229357798068
1.65,24.00275229357798,T3fine,24.0,0.00275229357798068
1.66,24.00275229357798,T3fine,24.0,0.00275229357798068
1.67,24.00275229357798,T3fine,24.0,0.00275229357798068
1.68,24.00275229357798,T3fine,24.0,0.00275229357798068
1.69,24.00275229357798,T3fine,24.0,0.00275229357798068
1.7,24.00275229357798,T3fine,24.0,0.00275229357798068
1.71,24.00275229357798,T3fine,24.0,0.00275229357798068
1.72,24.00275229357798,T3fine,24.0,0.00275229357798068
1.73,24.00275229357798,T3fine,24.0,0.00275229357798068
1.74,24.00275229357798,T3fine,24.0,0.00275229357798068
1.75,24.00275229357798,T3fine,24.0,0.00275229357798068
1.76,24.00275229357798,T3fine,24.0,0.00275229357798068
1.77,24.00275229357798,T3fine,24.0,0.00275229357798068
1.78,24.00275229357798,T3fine,24.0,0.00275229357798068
1.79,24.00275229357798,T3fine,24.0,0.00275229357798068
1.8,24.00275229357798,T3fine,24.0,0.00275229357798068
1.81,24.00275229357798,T3fine,24.0,0.00275229357798068
1.82,24.00275229357798,T3fine,24.0,0.00275229357798068
1.83,24.00275229357798,T3fine,24.0,0.00275229357798068
1.84,24.00275229357798,T3fine,24.0,0.00275229357798068
1.85,24.00275229357798,T3fine,24.0,0.00275229357798068
1.86,24.00275229357798,T3fine,24.0,0.00275229357798068
1.87,24.00275229357798,T3fine,24.0,0.00275229357798068
1.88,24.00275229357798,T3fine,24.0,0.00275229357798068
1.89,24.00275229357798,T3fine,24.0,0.00275229357798068
1.9,24.00275229357798,T3fine,24.0,0.00275229357798068
1.91,24.00275229357798,T3fine,24.0,0.00275229357798068
1.92,24.00275229357798,T3fine,24.0,0.00275229357798068
1.93,24.00275229357798,T3fine,24.0,0.00275229357798068
1.94,24.00275229357798,T3fine,24.0,0.00275229357798068
1.95,24.00275229357798,T3fine,24.0,0.00275229357798068
1.96,24.00275229357798,T3fine,24.0,0.00275229357798068
1.97,24.00275229357798,T3fine,24.0,0.00275229357798068
1.98,24.00275229357798,T3fine,24.0,0.00275229357798068
1.99,24.00275229357798,T3fine,24.0,0.00275229357798068
2.0,24.00275229357798,T3fine,24.0,0.00275229357798068
2.01,24.00275229357798,T3fine,24.0,0.00275229357798068
2.02,24.00275229357798,T3fine,24.0,0.00275229357798068
2.03,24.00275229357798,T3fine,24.0,0.00275229357798068
2.04,24.00275229357798,T3fine,24.0,0.00275229357798068
2.05,24.00275229357798,T3fine,24.0,0.00275229357798068
2.06,24.00275229357798,T3fine,24.0,0.00275229357798068
2.07,24.00275229357798,T3fine,24.0,0.00275229357798068
2.08,24.00275229357798,T3fine,24.0,0.00275229357798068
2.09,24.00275229357798,T3fine,24.0,0.00275229357798068
2.1,24.00275229357798,T3fine,24.0,0.00275229357798068
2.11,24.00275229357798,T3fine,24.0,0.00275229357798068
2.12,24.00275229357798,T3fine,24.0,0.00275229357798068
2.13,24.00275229357798,T3fine,24.0,0.00275229357798068
2.14,24.00275229357798,T3fine,24.0,0.00275229357798068
2.15,24.00275229357798,T3fine,24.0,0.00275229357798068
2.16,24.00275229357798,T3fine,24.0,0.00275229357798068
2.17,24.00275229357798,T3fine,24.0,0.00275229357798068
2.18,24.00275229357798,T3fine,24.0,0.00275229357798068
2.19,24.00275229357798,T3fine,24.0,0.00275229357798068
2.2,24.00275229357798,T3fine,24.0,0.00275229357798068
2.21,24.00275229357798,T3fine,24.0,0.00275229357798068
2.22,24.00275229357798,T3fine,24.0,0.00275229357798068
2.23,24.00275229357798,T3fine,24.0,0.00275229357798068
2.24,24.00275229357798,T3fine,24.0,0.00275229357798068
2.25,24.00275229357798,T3fine,24.0,0.00275229357798068
2.26,24.00275229357798,T3fine,24.0,0.00275229357798068
2.27,24.00275229357798,T3fine,24.0,0.00275229357798068
2.28,24.00275229357798,T3fine,24.0,0.00275229357798068
2.29,24.00275229357798,T3fine,24.0,0.00275229357798068
2.3,24.00275229357798,T3fine,24.0,0.00275229357798068
2.31,24.00275229357798,T3fine,24.0,0.00275229357798068
2.32,24.00275229357798,T3fine,24.0,0.00275229357798068
2.33,24.00275229357798,T3fine,24.0,0.00275229357798068
2.34,24.00275229357798,T3fine,24.0,0.00275229357798068
2.35,24.00275229357798,T3fine,24.0,0.00275229357798068
2.36,24.00275229357798,T3fine,24.0,0.00275229357798068
2.37,24.00275229357798,T3fine,24.0,0.00275229357798068
2.38,24.00275229357798,T3fine,24.0,0.00275229357798068
2.39,24.00275229357798,T3fine,24.0,0.00275229357798068
2.4,24.00275229357798,T3fine,24.0,0.00275229357798068
2.41,24.00275229357798,T3fine,24.0,0.00275229357798068
2.42,24.00275229357798,T3fine,24.0,0.00275229357798068
2.43,24.00275229357798,T3fine,24.0,0.00275229357798068
2.44,24.00275229357798,T3fine,24.0,0.00275229357798068
2.45,24.00275229357798,T3fine,24.0,0.00275229357798068
2.46,24.00275229357798,T3fine,24.0,0.00275229357798068
2.47,24.00275229357798,T3fine,24.0,0.00275229357798068
2.48,24.00275229357798,T3fine,24.0,0.00275229357798068
2.49,24.00275229357798,T3fine,24.0,0.00275229357798068
2.5,24.00275229357798,T3fine,24.0,0.00275229357798068
2.51,24.00275229357798,T3fine,24.0,0.00275229357798068
2.52,24.00275229357798,T3fine,24.0,0.00275229357798068
2.53,24.00275229357798,T3fine,24.0,0.00275229357798068
2.54,24.00275229357798,T3fine,24.0,0.00275229357798068
2.55,24.00275229357798,T3fine,24.0,0.00275229357798068
2.56,24.00275229357798,T3fine,24.0,0.00275229357798068
2.57,24.00275229357798,T3fine,24.0,0.00275229357798068
2.58,24.00275229357798,T3fine,24.0,0.00275229357798068
2.59,24.00275229357798,T3fine,24.0,0.00275229357798068
2.6,24.00275229357798,T3fine,24.0,0.00275229357798068
2.61,24.00275229357798,T3fine,24.0,0.00275229357798068
2.62,24.00275229357798,T3fine,24.0,0.00275229357798068
2.63,24.00275229357798,T3fine,24.0,0.00275229357798068
2.64,24.00275229357798,T3fine,24.0,0.00275229357798068
2.65,24.00275229357798,T3fine,24.0,0.00275229357798068
2.66,24.00275229357798,T3fine,24.0,0.00275229357798068
2.67,24.00275229357798,T3fine,24.0,0.00275229357798068
2.68,24.00275229357798,T3fine,24.0,0.00275229357798068
2.69,24.00275229357798,T3fine,24.0,0.00275229357798068
2.7,24.00275229357798,T3fine,24.0,0.00275229357798068
2.71,24.00275229357798,T3fine,24.0,0.00275229357798068
2.72,24.00275229357798,T3fine,24.0,0.00275229357798068
2.73,24.00275229357798,T3fine,24.0,0.00275229357798068
2.74,24.00275229357798,T3fine,24.0,0.00275229357798068
2.75,24.00275229357798,T3fine,24.0,0.00275229357798068
2.76,24.00275229357798,T3fine,24.0,0.00275229357798068
2.77,24.00275229357798,T3fine,24.0,0.00275229357798068
2.78,24.00275229357798,T3fine,24.0,0.00275229357798068
2.79,24.00275229357798,T3fine,24.0,0.00275229357798068
2.8,24.00275229357798,T3fine,24.0,0.00275229357798068
2.81,24.00275229357798,T3fine,24.0,0.00275229357798068
2.82,24.00275229357798,T3fine,24.0,0.00275229357798068
2.83,24.00275229357798,T3fine,24.0,0.00275229357798068
2.84,24.00275229357798,T3fine,24.0,0.00275229357798068
2.85,24.00275229357798,T3fine,24.0,0.00275229357798068
2.86,24.00275229357798,T3fine,24.0,0.00275229357798068
2.87,24.00275229357798,T3fine,24.0,0.00275229357798068
2.88,24.00275229357798,T3fine,24.0,0.00275229357798068
2.89,24.00275229357798,T3fine,24.0,0.00275229357798068
2.9,24.00275229357798,T3fine,24.0,0.00275229357798068
2.91,24.00275229357798,T3fine,24.0,0.00275229357798068
2.92,24.00275229357798,T3fine,24.0,0.00275229357798068
2.93,24.00275229357798,T3fine,24.0,0.00275229357798068
2.94,24.00275229357798,T3fine,24.0,0.00275229357798068
2.95,24.00275229357798,T3fine,24.0,0.00275229357798068
2.96,24.00275229357798,T3fine,24.0,0.00275229357798068
2.97,24.00275229357798,T3fine,24.0,0.00275229357798068
2.98,24.00275229357798,T3fine,24.0,0.00275229357798068
2.99,24.00275229357798,T3fine,24.0,0.00275229357798068
3.0,24.00275229357798,T3fine,24.0,0.00275229357798068
3.01,24.00275229357798,T3fine,24.0,0.00275229357798068
3.02,24.00275229357798,T3fine,24.0,0.00275229357798068
3.03,24.00275229357798,T3fine,24.0,0.00275229357798068
3.04,24.00275229357798,T3fine,24.0,0.00275229357798068
3.05,24.00275229357798,T3fine,24.0,0.00275229357798068
3.06,24.00275229357798,T3fine,24.0,0.00275229357798068
3.07,24.00275229357798,T3fine,24.0,0.00275229357798068
3.08,24.00275229357798,T3fine,24.0,0.00275229357798068
3.09,24.00275229357798,T3fine,24.0,0.00275229357798068
3.1,24.00275229357798,T3fine,24.0,0.00275229357798068
3.11,24.00275229357798,T3fine,24.0,0.00275229357798068
3.12,24.00275229357798,T3fine,24.0,0.00275229357798068
3.13,24.00275229357798,T3fine,24.0,0.00275229357798068
3.14,24.00275229357798,T3fine,24.0,0.00275229357798068
3.15,24.00275229357798,T3fine,24.0,0.00275229357798068
3.16,24.00275229357798,T3fine,24.0,0.00275229357798068
3.17,24.00275229357798,T3fine,24.0,0.00275229357798068
3.18,24.00275229357798,T3fine,24.0,0.00275229357798068
3.19,24.00275229357798,T3fine,24.0,0.00275229357798068
3.2,24.00275229357798,T3fine,24.0,0.00275229357798068
3.21,24.00275229357798,T3fine,24.0,0.00275229357798068
3.22,24.00275229357798,T3fine,24.0,0.00275229357798068
3.23,24.00275229357798,T3fine,24.0,0.00275229357798068
3.24,24.00275229357798,T3fine,24.0,0.00275229357798068
3.25,24.00275229357798,T3fine,24.0,0.00275229357798068
3.26,24.00275229357798,T3fine,24.0,0.00275229357798068
3.27,24.00275229357798,T3fine,24.0,0.00275229357798068
3.28,24.00275229357798,T3fine,24.0,0.00275229357798068
3.29,24.00275229357798,T3fine,24.0,0.00275229357798068
3.3,24.00275229357798,T3fine,24.0,0.00275229357798068
3.31,24.00275229357798,T3fine,24.0,0.00275229357798068
3.32,24.00275229357798,T3fine,24.0,0.00275229357798068
3.33,24.00275229357798,T3fine,24.0,0.00275229357798068
3.34,24.00275229357798,T3fine,24.0,0.00275229357798068
3.35,24.00275229357798,T3fine,24.0,0.00275229357798068
3.36,24.00275229357798,T3fine,24.0,0.00275229357798068
3.37,24.00275229357798,T3fine,24.0,0.00275229357798068
3.38,24.00275229357798,T3fine,24.0,0.00275229357798068
3.39,24.00275229357798,T3fine,24.0,0.00275229357798068
3.4,24.00275229357798,T3fine,24.0,0.00275229357798068
3.41,24.00275229357798,T3fine,24.0,0.00275229357798068
3.42,24.00275229357798,T3fine,24.0,0.00275229357798068
3.43,24.00275229357798,T3fine,24.0,0.00275229357798068
3.44,24.00275229357798,T3fine,24.0,0.00275229357798068
3.45,24.00275229357798,T3fine,24.0,0.00275229357798068
3.46,24.00275229357798,T3fine,24.0,0.00275229357798068
3.47,24.00275229357798,T3fine,24.0,0.00275229357798068
3.48,24.00275229357798,T3fine,24.0,0.00275229357798068
3.49,24.00275229357798,T3fine,24.0,0.00275229357798068
3.5,24.00275229357798,T3fine,24.0,0.00275229357798068
3.51,24.00275229357798,T3fine,24.0,0.00275229357798068
3.52,24.00275229357798,T3fine,24.0,0.00275229357798068
3.53,24.00275229357798,T3fine,24.0,0.00275229357798068
3.54,24.00275229357798,T3fine,24.0,0.00275229357798068
3.55,24.00275229357798,T3fine,24.0,0.00275229357798068
3.56,24.00275229357798,T3fine,24.0,0.00275229357798068
3.57,24.00275229357798,T3fine,24.0,0.00275229357798068
3.58,24.00275229357798,T3fine,24.0,0.00275229357798068
3.59,24.00275229357798,T3fine,24.0,0.00275229357798068
3.6,24.00275229357798,T3fine,24.0,0.00275229357798068
3.61,24.00275229357798,T3fine,24.0,0.00275229357798068
3.62,24.00275229357798,T3fine,24.0,0.00275229357798068
3.63,24.00275229357798,T3fine,24.0,0.00275229357798068
3.64,24.00275229357798,T3fine,24.0,0.00275229357798068
3.65,24.00275229357798,T3fine,24.0,0.00275229357798068
3.66,24.00275229357798,T3fine,24.0,0.00275229357798068
3.67,24.00275229357798,T3fine,24.0,0.00275229357798068
3.68,24.00275229357798,T3fine,24.0,0.00275229357798068
3.69,24.00275229357798,T3fine,24.0,0.00275229357798068
3.7,24.00275229357798,T3fine,24.0,0.00275229357798068
3.71,24.00275229357798,T3fine,24.0,0.00275229357798068
3.72,24.00275229357798,T3fine,24.0,0.00275229357798068
3.73,24.00275229357798,T3fine,24.0,0.00275229357798068
3.74,24.00275229357798,T3fine,24.0,0.00275229357798068
3.75,24.00275229357798,T3fine,24.0,0.00275229357798068
3.76,24.00275229357798,T3fine,24.0,0.00275229357798068
3.77,24.00275229357798,T3fine,24.0,0.00275229357798068
3.78,24.00275229357798,T3fine,24.0,0.00275229357798068
3.79,24.00275229357798,T3fine,24.0,0.00275229357798068
3.8,24.00275229357798,T3fine,24.0,0.00275229357798068
3.81,24.00275229357798,T3fine,24.0,0.00275229357798068
3.82,24.00275229357798,T3fine,24.0,0.00275229357798068
3.83,24.00275229357798,T3fine,24.0,0.00275229357798068
3.84,24.00275229357798,T3fine,24.0,0.00275229357798068
3.85,24.00275229357798,T3fine,24.0,0.00275229357798068
3.86,24.00275229357798,T3fine,24.0,0.00275229357798068
3.87,24.00275229357798,T3fine,24.0,0.00275229357798068
3.88,24.00275229357798,T3fine,24.0,0.00275229357798068
3.89,24.00275229357798,T3fine,24.0,0.00275229357798068
3.9,24.00275229357798,T3fine,24.0,0.00275229357798068
3.91,24.00275229357798,T3fine,24.0,0.00275229357798068
3.92,24.00275229357798,T3fine,24.0,0.00275229357798068
3.93,24.00275229357798,T3fine,24.0,0.00275229357798068
3.94,24.00275229357798,T3fine,24.0,0.00275229357798068
3.95,24.00275229357798,T3fine,24.0,0.00275229357798068
3.96,24.00275229357798,T3fine,24.0,0.00275229357798068
3.97,24.00275229357798,T3fine,24.0,0.00275229357798068
3.98,24.00275229357798,T3fine,24.0,0.00275229357798068
3.99,24.00275229357798,T3fine,24.0,0.00275229357798068
4.0,24.00275229357798,T3fine,24.0,0.00275229357798068
4.01,24.00275229357798,T3fine,24.0,0.00275229357798068
4.02,24.00275229357798,T3fine,24.0,0.00275229357798068
4.03,24.00275229357798,T3fine,24.0,0.00275229357798068
4.04,24.00275229357798,T3fine,24.0,0.00275229357798068
4.05,24.00275229357798,T3fine,24.0,0.00275229357798068
4.06,24.00275229357798,T3fine,24.0,0.00275229357798068
4.07,24.00275229357798,T3fine,24.0,0.00275229357798068
4.08,24.00275229357798,T3fine,24.0,0.00275229357798068
4.09,24.00275229357798,T3fine,24.0,0.00275229357798068
4.1,24.00275229357798,T3fine,24.0,0.00275229357798068
4.11,24.00275229357798,T3fine,24.0,0.00275229357798068
4.12,24.00275229357798,T3fine,24.0,0.00275229357798068
4.13,24.00275229357798,T3fine,24.0,0.00275229357798068
4.14,24.00275229357798,T3fine,24.0,0.00275229357798068
4.15,24.00275229357798,T3fine,24.0,0.00275229357798068
4.16,24.00275229357798,T3fine,24.0,0.00275229357798068
4.17,24.00275229357798,T3fine,24.0,0.00275229357798068
4.18,24.00275229357798,T3fine,24.0,0.00275229357798068
4.19,24.00275229357798,T3fine,24.0,0.00275229357798068
4.2,24.00275229357798,T3fine,24.0,0.00275229357798068
4.21,24.00275229357798,T3fine,24.0,0.00275229357798068
4.22,24.00275229357798,T3fine,24.0,0.00275229357798068
4.23,24.00275229357798,T3fine,24.0,0.00275229357798068
4.24,24.00275229357798,T3fine,24.0,0.00275229357798068
4.25,24.00275229357798,T3fine,24.0,0.00275229357798068
4.26,24.00275229357798,T3fine,24.0,0.00275229357798068
4.27,24.00275229357798,T3fine,24.0,0.00275229357798068
4.28,24.00275229357798,T3fine,24.0,0.00275229357798068
4.29,24.00275229357798,T3fine,24.0,0.00275229357798068
4.3,24.00275229357798,T3fine,24.0,0.00275229357798068
4.31,24.00275229357798,T3fine,24.0,0.00275229357798068
4.32,24.00275229357798,T3fine,24.0,0.00275229357798068
4.33,24.00275229357798,T3fine,24.0,0.00275229357798068
4.34,24.00275229357798,T3fine,24.0,0.00275229357798068
4.35,24.00275229357798,T3fine,24.0,0.00275229357798068
4.36,24.00275229357798,T3fine,24.0,0.00275229357798068
4.37,24.00275229357798,T3fine,24.0,0.00275229357798068
4.38,24.00275229357798,T3fine,24.0,0.00275229357798068
4.39,24.00275229357798,T3fine,24.0,0.00275229357798068
4.4,24.00275229357798,T3fine,24.0,0.00275229357798068
4.41,24.00275229357798,T3fine,24.0,0.00275229357798068
4.42,24.00275229357798,T3fine,24.0,0.00275229357798068
4.43,24.00275229357798,T3fine,24.0,0.00275229357798068
4.44,24.00275229357798,T3fine,24.0,0.00275229357798068
4.45,24.00275229357798,T3fine,24.0,0.00275229357798068
4.46,24.00275229357798,T3fine,24.0,0.00275229357798068
4.47,24.00275229357798,T3fine,24.0,0.00275229357798068
4.48,24.00275229357798,T3fine,24.0,0.00275229357798068
4.49,24.00275229357798,T3fine,24.0,0.00275229357798068
4.5,24.00275229357798,T3fine,24.0,0.00275229357798068
4.51,24.00275229357798,T3fine,24.0,0.00275229357798068
4.52,24.00275229357798,T3fine,24.0,0.00275229357798068
4.53,24.00275229357798,T3fine,24.0,0.00275229357798068
4.54,24.00275229357798,T3fine,24.0,0.00275229357798068
4.55,24.00275229357798,T3fine,24.0,0.00275229357798068
4.56,24.00275229357798,T3fine,24.0,0.00275229357798068
4.57,24.00275229357798,T3fine,24.0,0.00275229357798068
4.58,24.00275229357798,T3fine,24.0,0.00275229357798068
4.59,24.001834862385323,T3fine,24.0,0.0018348623853228219
4.6,24.002935779816514,T3fine,24.0,0.0029357798165143834
4.61,24.001834862385323,T3fine,24.0,0.0018348623853228219
4.62,24.001834862385323,T3fine,24.0,0.0018348623853228219
4.63,24.001834862385323,T3fine,24.0,0.0018348623853228219
4.64,24.001834862385323,T3fine,24.0,0.0018348623853228219
4.65,24.001834862385323,T3fine,24.0,0.0018348623853228219
4.66,24.001834862385323,T3fine,24.0,0.0018348623853228219
4.67,24.001834862385323,T3fine,24.0,0.0018348623853228219
4.68,24.001834862385323,T3fine,24.0,0.0018348623853228219
4.69,24.001834862385323,T3fine,24.0,0.0018348623853228219
4.7,24.001834862385323,T3fine,24.0,0.0018348623853228219
4.71,24.001834862385323,T3fine,24.0,0.0018348623853228219
4.72,24.001834862385323,T3fine,24.0,0.0018348623853228219
4.73,24.001834862385323,T3fine,24.0,0.0018348623853228219
4.74,24.001834862385323,T3fine,24.0,0.0018348623853228219
4.75,24.001834862385323,T3fine,24.0,0.0018348623853228219
4.76,24.001834862385323,T3fine,24.0,0.0018348623853228219
4.77,24.001834862385323,T3fine,24.0,0.0018348623853228219
4.78,24.001834862385323,T3fine,24.0,0.0018348623853228219
4.79,24.001834862385323,T3fine,24.0,0.0018348623853228219
4.8,24.00330275229358,T3fine,24.0,0.003302752293578237
4.81,24.001834862385323,T3fine,24.0,0.0018348623853228219
4.82,24.001834862385323,T3fine,24.0,0.0018348623853228219
4.83,24.001834862385323,T3fine,24.0,0.0018348623853228219
4.84,24.003669724770642,T3fine,24.0,0.003669724770642091
4.85,24.003669724770642,T3fine,24.0,0.003669724770642091
4.86,24.003669724770642,T3fine,24.0,0.003669724770642091
4.87,24.003669724770642,T3fine,24.0,0.003669724770642091
4.88,24.006422018348623,T3fine,24.0,0.006422018348622771
4.89,24.006422018348623,T3fine,24.0,0.006422018348622771
4.9,24.010091743119265,T3fine,24.0,0.010091743119264862
4.91,24.011522935779816,T3fine,24.0,0.011522935779815668
4.92,24.01743119266055,T3fine,24.0,0.017431192660549044
4.93,24.019211009174313,T3fine,24.0,0.019211009174313176
4.94,24.022055045871557,T3fine,24.0,0.022055045871557155
4.95,24.026605504587156,T3fine,24.0,0.026605504587156048
4.96,24.03365137614679,T3fine,24.0,0.03365137614678915
4.97,24.04176146788991,T3fine,24.0,0.0417614678899092
4.98,24.04862385321101,T3fine,24.0,0.048623853211008594
4.99,24.056201834862385,T3fine,24.0,0.05620183486238517
5.0,24.06697247706422,T3fine,24.0,0.06697247706421905
5.01,24.079816513761468,T3fine,24.0,0.07981651376146814
5.02,24.09401834862385,T3fine,24.0,0.09401834862385172
5.03,24.107339449541286,T3fine,24.0,0.1073394495412856
5.04,24.125688073394496,T3fine,24.0,0.12568807339449606
5.05,24.143486238532113,T3fine,24.0,0.1434862385321125
5.06,24.160550458715598,T3fine,24.0,0.1605504587155977
5.07,24.191743119266054,T3fine,24.0,0.1917431192660537
5.08,24.21537614678899,T3fine,24.0,0.21537614678899075
5.09,24.243119266055047,T3fine,24.0,0.24311926605504652
5.1,24.28110091743119,T3fine,24.0,0.28110091743118915
5.11,24.30601834862386,T3fine,24.0,0.30601834862385857
5.12,24.35137614678899,T3fine,24.0,0.35137614678899
5.13,24.39359633027523,T3fine,24.0,0.3935963302752299
5.14,24.42825688073394,T3fine,24.0,0.4282568807339402
5.15,24.48165137614679,T3fine,24.0,0.48165137614678954
5.16,24.529798165137617,T3fine,24.0,0.5297981651376169
5.17,24.573394495412845,T3fine,24.0,0.5733944954128454
5.18,24.639449541284403,T3fine,24.0,0.639449541284403
5.19,24.69299082568808,T3fine,24.0,0.6929908256880815
5.2,24.745871559633027,T3fine,24.0,0.7458715596330272
5.21,24.819266055045873,T3fine,24.0,0.8192660550458726
5.22,24.868770642201827,T3fine,24.0,0.8687706422018273
5.23,24.93302752293578,T3fine,24.0,0.933027522935781
5.24,25.006715596330274,T3fine,24.0,1.0067155963302739
5.25,25.056422018348627,T3fine,24.0,1.056422018348627
5.26,25.122018348623854,T3fine,24.0,1.122018348623854
5.27,25.191009174311926,T3fine,24.0,1.191009174311926
5.28,25.24018348623853,T3fine,24.0,1.2401834862385286
5.29,25.307339449541285,T3fine,24.0,1.307339449541285
5.3,25.362201834862383,T3fine,24.0,1.3622018348623826
5.31,25.400917431192664,T3fine,24.0,1.4009174311926635
5.32,25.440366972477065,T3fine,24.0,1.4403669724770651
5.33,,T3fine,24.0,
5.34,,T3fine,24.0,
5.35,,T3fine,24.0,
5.36,,T3fine,24.0,
5.37,,T3fine,24.0,
5.38,,T3fine,24.0,
5.39,,T3fine,24.0,
5.4,,T3fine,24.0,
